ranks,names,years,imdb_ratings,links
1,Planet Earth II ,2016,9.5,https://www.imdb.com/title/tt5491994/?pf_rd_m=A2FGELUUNOQJNL&pf_rd_p=12230b0e-0e00-43ed-9e59-8d5353703cce&pf_rd_r=BQX10M7H89MWC6M3YSM3&pf_rd_s=center-1&pf_rd_t=15506&pf_rd_i=toptv&ref_=chttvtp_tt_1
2,Planet Earth ,2006,9.4,https://www.imdb.com/title/tt0795176/?pf_rd_m=A2FGELUUNOQJNL&pf_rd_p=12230b0e-0e00-43ed-9e59-8d5353703cce&pf_rd_r=BQX10M7H89MWC6M3YSM3&pf_rd_s=center-1&pf_rd_t=15506&pf_rd_i=toptv&ref_=chttvtp_tt_2
3,Band of Brothers ,2001,9.4,https://www.imdb.com/title/tt0185906/?pf_rd_m=A2FGELUUNOQJNL&pf_rd_p=12230b0e-0e00-43ed-9e59-8d5353703cce&pf_rd_r=BQX10M7H89MWC6M3YSM3&pf_rd_s=center-1&pf_rd_t=15506&pf_rd_i=toptv&ref_=chttvtp_tt_3
4,Breaking Bad ,2008,9.4,https://www.imdb.com/title/tt0903747/?pf_rd_m=A2FGELUUNOQJNL&pf_rd_p=12230b0e-0e00-43ed-9e59-8d5353703cce&pf_rd_r=BQX10M7H89MWC6M3YSM3&pf_rd_s=center-1&pf_rd_t=15506&pf_rd_i=toptv&ref_=chttvtp_tt_4
5,Chernobyl ,2019,9.4,https://www.imdb.com/title/tt7366338/?pf_rd_m=A2FGELUUNOQJNL&pf_rd_p=12230b0e-0e00-43ed-9e59-8d5353703cce&pf_rd_r=BQX10M7H89MWC6M3YSM3&pf_rd_s=center-1&pf_rd_t=15506&pf_rd_i=toptv&ref_=chttvtp_tt_5
6,The Wire ,2002,9.3,https://www.imdb.com/title/tt0306414/?pf_rd_m=A2FGELUUNOQJNL&pf_rd_p=12230b0e-0e00-43ed-9e59-8d5353703cce&pf_rd_r=BQX10M7H89MWC6M3YSM3&pf_rd_s=center-1&pf_rd_t=15506&pf_rd_i=toptv&ref_=chttvtp_tt_6
7,Blue Planet II ,2017,9.3,https://www.imdb.com/title/tt6769208/?pf_rd_m=A2FGELUUNOQJNL&pf_rd_p=12230b0e-0e00-43ed-9e59-8d5353703cce&pf_rd_r=BQX10M7H89MWC6M3YSM3&pf_rd_s=center-1&pf_rd_t=15506&pf_rd_i=toptv&ref_=chttvtp_tt_7
8,Our Planet ,2019,9.3,https://www.imdb.com/title/tt9253866/?pf_rd_m=A2FGELUUNOQJNL&pf_rd_p=12230b0e-0e00-43ed-9e59-8d5353703cce&pf_rd_r=BQX10M7H89MWC6M3YSM3&pf_rd_s=center-1&pf_rd_t=15506&pf_rd_i=toptv&ref_=chttvtp_tt_8
9,Cosmos: A Spacetime Odyssey ,2014,9.2,https://www.imdb.com/title/tt2395695/?pf_rd_m=A2FGELUUNOQJNL&pf_rd_p=12230b0e-0e00-43ed-9e59-8d5353703cce&pf_rd_r=BQX10M7H89MWC6M3YSM3&pf_rd_s=center-1&pf_rd_t=15506&pf_rd_i=toptv&ref_=chttvtp_tt_9
10,Cosmos ,1980,9.2,https://www.imdb.com/title/tt0081846/?pf_rd_m=A2FGELUUNOQJNL&pf_rd_p=12230b0e-0e00-43ed-9e59-8d5353703cce&pf_rd_r=BQX10M7H89MWC6M3YSM3&pf_rd_s=center-1&pf_rd_t=15506&pf_rd_i=toptv&ref_=chttvtp_tt_10
11,Game of Thrones ,2011,9.2,https://www.imdb.com/title/tt0944947/?pf_rd_m=A2FGELUUNOQJNL&pf_rd_p=12230b0e-0e00-43ed-9e59-8d5353703cce&pf_rd_r=BQX10M7H89MWC6M3YSM3&pf_rd_s=center-1&pf_rd_t=15506&pf_rd_i=toptv&ref_=chttvtp_tt_11
12,Avatar: The Last Airbender ,2005,9.2,https://www.imdb.com/title/tt0417299/?pf_rd_m=A2FGELUUNOQJNL&pf_rd_p=12230b0e-0e00-43ed-9e59-8d5353703cce&pf_rd_r=BQX10M7H89MWC6M3YSM3&pf_rd_s=center-1&pf_rd_t=15506&pf_rd_i=toptv&ref_=chttvtp_tt_12
13,Rick and Morty ,2013,9.2,https://www.imdb.com/title/tt2861424/?pf_rd_m=A2FGELUUNOQJNL&pf_rd_p=12230b0e-0e00-43ed-9e59-8d5353703cce&pf_rd_r=BQX10M7H89MWC6M3YSM3&pf_rd_s=center-1&pf_rd_t=15506&pf_rd_i=toptv&ref_=chttvtp_tt_13
14,The Sopranos ,1999,9.2,https://www.imdb.com/title/tt0141842/?pf_rd_m=A2FGELUUNOQJNL&pf_rd_p=12230b0e-0e00-43ed-9e59-8d5353703cce&pf_rd_r=BQX10M7H89MWC6M3YSM3&pf_rd_s=center-1&pf_rd_t=15506&pf_rd_i=toptv&ref_=chttvtp_tt_14
15,The Last Dance ,2020,9.1,https://www.imdb.com/title/tt8420184/?pf_rd_m=A2FGELUUNOQJNL&pf_rd_p=12230b0e-0e00-43ed-9e59-8d5353703cce&pf_rd_r=BQX10M7H89MWC6M3YSM3&pf_rd_s=center-1&pf_rd_t=15506&pf_rd_i=toptv&ref_=chttvtp_tt_15
16,The World at War ,1973,9.1,https://www.imdb.com/title/tt0071075/?pf_rd_m=A2FGELUUNOQJNL&pf_rd_p=12230b0e-0e00-43ed-9e59-8d5353703cce&pf_rd_r=BQX10M7H89MWC6M3YSM3&pf_rd_s=center-1&pf_rd_t=15506&pf_rd_i=toptv&ref_=chttvtp_tt_16
17,Life ,2009,9.1,https://www.imdb.com/title/tt1533395/?pf_rd_m=A2FGELUUNOQJNL&pf_rd_p=12230b0e-0e00-43ed-9e59-8d5353703cce&pf_rd_r=BQX10M7H89MWC6M3YSM3&pf_rd_s=center-1&pf_rd_t=15506&pf_rd_i=toptv&ref_=chttvtp_tt_17
18,Fullmetal Alchemist: Brotherhood ,2009,9.1,https://www.imdb.com/title/tt1355642/?pf_rd_m=A2FGELUUNOQJNL&pf_rd_p=12230b0e-0e00-43ed-9e59-8d5353703cce&pf_rd_r=BQX10M7H89MWC6M3YSM3&pf_rd_s=center-1&pf_rd_t=15506&pf_rd_i=toptv&ref_=chttvtp_tt_18
19,The Vietnam War ,2017,9.1,https://www.imdb.com/title/tt1877514/?pf_rd_m=A2FGELUUNOQJNL&pf_rd_p=12230b0e-0e00-43ed-9e59-8d5353703cce&pf_rd_r=BQX10M7H89MWC6M3YSM3&pf_rd_s=center-1&pf_rd_t=15506&pf_rd_i=toptv&ref_=chttvtp_tt_19
20,Sherlock ,2010,9.0,https://www.imdb.com/title/tt1475582/?pf_rd_m=A2FGELUUNOQJNL&pf_rd_p=12230b0e-0e00-43ed-9e59-8d5353703cce&pf_rd_r=BQX10M7H89MWC6M3YSM3&pf_rd_s=center-1&pf_rd_t=15506&pf_rd_i=toptv&ref_=chttvtp_tt_20
21,The Twilight Zone ,1959,9.0,https://www.imdb.com/title/tt0052520/?pf_rd_m=A2FGELUUNOQJNL&pf_rd_p=12230b0e-0e00-43ed-9e59-8d5353703cce&pf_rd_r=BQX10M7H89MWC6M3YSM3&pf_rd_s=center-1&pf_rd_t=15506&pf_rd_i=toptv&ref_=chttvtp_tt_21
22,Human Planet ,2011,9.0,https://www.imdb.com/title/tt1806234/?pf_rd_m=A2FGELUUNOQJNL&pf_rd_p=12230b0e-0e00-43ed-9e59-8d5353703cce&pf_rd_r=BQX10M7H89MWC6M3YSM3&pf_rd_s=center-1&pf_rd_t=15506&pf_rd_i=toptv&ref_=chttvtp_tt_22
23,Persona ,2018,9.0,https://www.imdb.com/title/tt7920978/?pf_rd_m=A2FGELUUNOQJNL&pf_rd_p=12230b0e-0e00-43ed-9e59-8d5353703cce&pf_rd_r=BQX10M7H89MWC6M3YSM3&pf_rd_s=center-1&pf_rd_t=15506&pf_rd_i=toptv&ref_=chttvtp_tt_23
24,The Beatles Anthology ,1995,9.0,https://www.imdb.com/title/tt0111893/?pf_rd_m=A2FGELUUNOQJNL&pf_rd_p=12230b0e-0e00-43ed-9e59-8d5353703cce&pf_rd_r=BQX10M7H89MWC6M3YSM3&pf_rd_s=center-1&pf_rd_t=15506&pf_rd_i=toptv&ref_=chttvtp_tt_24
25,The Blue Planet ,2001,9.0,https://www.imdb.com/title/tt0296310/?pf_rd_m=A2FGELUUNOQJNL&pf_rd_p=12230b0e-0e00-43ed-9e59-8d5353703cce&pf_rd_r=BQX10M7H89MWC6M3YSM3&pf_rd_s=center-1&pf_rd_t=15506&pf_rd_i=toptv&ref_=chttvtp_tt_25
26,Batman: The Animated Series ,1992,9.0,https://www.imdb.com/title/tt0103359/?pf_rd_m=A2FGELUUNOQJNL&pf_rd_p=12230b0e-0e00-43ed-9e59-8d5353703cce&pf_rd_r=BQX10M7H89MWC6M3YSM3&pf_rd_s=center-1&pf_rd_t=15506&pf_rd_i=toptv&ref_=chttvtp_tt_26
27,Frozen Planet ,2011,9.0,https://www.imdb.com/title/tt2092588/?pf_rd_m=A2FGELUUNOQJNL&pf_rd_p=12230b0e-0e00-43ed-9e59-8d5353703cce&pf_rd_r=BQX10M7H89MWC6M3YSM3&pf_rd_s=center-1&pf_rd_t=15506&pf_rd_i=toptv&ref_=chttvtp_tt_27
28,Firefly ,2002,9.0,https://www.imdb.com/title/tt0303461/?pf_rd_m=A2FGELUUNOQJNL&pf_rd_p=12230b0e-0e00-43ed-9e59-8d5353703cce&pf_rd_r=BQX10M7H89MWC6M3YSM3&pf_rd_s=center-1&pf_rd_t=15506&pf_rd_i=toptv&ref_=chttvtp_tt_28
29,Dekalog ,1989,8.9,https://www.imdb.com/title/tt0092337/?pf_rd_m=A2FGELUUNOQJNL&pf_rd_p=12230b0e-0e00-43ed-9e59-8d5353703cce&pf_rd_r=BQX10M7H89MWC6M3YSM3&pf_rd_s=center-1&pf_rd_t=15506&pf_rd_i=toptv&ref_=chttvtp_tt_29
30,True Detective ,2014,8.9,https://www.imdb.com/title/tt2356777/?pf_rd_m=A2FGELUUNOQJNL&pf_rd_p=12230b0e-0e00-43ed-9e59-8d5353703cce&pf_rd_r=BQX10M7H89MWC6M3YSM3&pf_rd_s=center-1&pf_rd_t=15506&pf_rd_i=toptv&ref_=chttvtp_tt_30
31,Death Note ,2006,8.9,https://www.imdb.com/title/tt0877057/?pf_rd_m=A2FGELUUNOQJNL&pf_rd_p=12230b0e-0e00-43ed-9e59-8d5353703cce&pf_rd_r=BQX10M7H89MWC6M3YSM3&pf_rd_s=center-1&pf_rd_t=15506&pf_rd_i=toptv&ref_=chttvtp_tt_31
32,The Civil War ,1990,8.9,https://www.imdb.com/title/tt0098769/?pf_rd_m=A2FGELUUNOQJNL&pf_rd_p=12230b0e-0e00-43ed-9e59-8d5353703cce&pf_rd_r=BQX10M7H89MWC6M3YSM3&pf_rd_s=center-1&pf_rd_t=15506&pf_rd_i=toptv&ref_=chttvtp_tt_32
33,Apocalypse: The Second World War ,2009,8.9,https://www.imdb.com/title/tt1508238/?pf_rd_m=A2FGELUUNOQJNL&pf_rd_p=12230b0e-0e00-43ed-9e59-8d5353703cce&pf_rd_r=BQX10M7H89MWC6M3YSM3&pf_rd_s=center-1&pf_rd_t=15506&pf_rd_i=toptv&ref_=chttvtp_tt_33
34,Fargo ,2014,8.9,https://www.imdb.com/title/tt2802850/?pf_rd_m=A2FGELUUNOQJNL&pf_rd_p=12230b0e-0e00-43ed-9e59-8d5353703cce&pf_rd_r=BQX10M7H89MWC6M3YSM3&pf_rd_s=center-1&pf_rd_t=15506&pf_rd_i=toptv&ref_=chttvtp_tt_34
35,Cowboy Bebop ,1998,8.9,https://www.imdb.com/title/tt0213338/?pf_rd_m=A2FGELUUNOQJNL&pf_rd_p=12230b0e-0e00-43ed-9e59-8d5353703cce&pf_rd_r=BQX10M7H89MWC6M3YSM3&pf_rd_s=center-1&pf_rd_t=15506&pf_rd_i=toptv&ref_=chttvtp_tt_35
36,Africa ,2013,8.9,https://www.imdb.com/title/tt2571774/?pf_rd_m=A2FGELUUNOQJNL&pf_rd_p=12230b0e-0e00-43ed-9e59-8d5353703cce&pf_rd_r=BQX10M7H89MWC6M3YSM3&pf_rd_s=center-1&pf_rd_t=15506&pf_rd_i=toptv&ref_=chttvtp_tt_36
37,When They See Us ,2019,8.9,https://www.imdb.com/title/tt7137906/?pf_rd_m=A2FGELUUNOQJNL&pf_rd_p=12230b0e-0e00-43ed-9e59-8d5353703cce&pf_rd_r=BQX10M7H89MWC6M3YSM3&pf_rd_s=center-1&pf_rd_t=15506&pf_rd_i=toptv&ref_=chttvtp_tt_37
38,Last Week Tonight with John Oliver ,2014,8.9,https://www.imdb.com/title/tt3530232/?pf_rd_m=A2FGELUUNOQJNL&pf_rd_p=12230b0e-0e00-43ed-9e59-8d5353703cce&pf_rd_r=BQX10M7H89MWC6M3YSM3&pf_rd_s=center-1&pf_rd_t=15506&pf_rd_i=toptv&ref_=chttvtp_tt_38
39,Hunter x Hunter ,2011,8.9,https://www.imdb.com/title/tt2098220/?pf_rd_m=A2FGELUUNOQJNL&pf_rd_p=12230b0e-0e00-43ed-9e59-8d5353703cce&pf_rd_r=BQX10M7H89MWC6M3YSM3&pf_rd_s=center-1&pf_rd_t=15506&pf_rd_i=toptv&ref_=chttvtp_tt_39
40,TVF Pitchers ,2015,8.9,https://www.imdb.com/title/tt4742876/?pf_rd_m=A2FGELUUNOQJNL&pf_rd_p=12230b0e-0e00-43ed-9e59-8d5353703cce&pf_rd_r=BQX10M7H89MWC6M3YSM3&pf_rd_s=center-1&pf_rd_t=15506&pf_rd_i=toptv&ref_=chttvtp_tt_40
41,Only Fools and Horses ,1981,8.8,https://www.imdb.com/title/tt0081912/?pf_rd_m=A2FGELUUNOQJNL&pf_rd_p=12230b0e-0e00-43ed-9e59-8d5353703cce&pf_rd_r=BQX10M7H89MWC6M3YSM3&pf_rd_s=center-1&pf_rd_t=15506&pf_rd_i=toptv&ref_=chttvtp_tt_41
42,The Office ,2005,8.8,https://www.imdb.com/title/tt0386676/?pf_rd_m=A2FGELUUNOQJNL&pf_rd_p=12230b0e-0e00-43ed-9e59-8d5353703cce&pf_rd_r=BQX10M7H89MWC6M3YSM3&pf_rd_s=center-1&pf_rd_t=15506&pf_rd_i=toptv&ref_=chttvtp_tt_42
43,Friends ,1994,8.8,https://www.imdb.com/title/tt0108778/?pf_rd_m=A2FGELUUNOQJNL&pf_rd_p=12230b0e-0e00-43ed-9e59-8d5353703cce&pf_rd_r=BQX10M7H89MWC6M3YSM3&pf_rd_s=center-1&pf_rd_t=15506&pf_rd_i=toptv&ref_=chttvtp_tt_43
44,Das Boot ,1985,8.8,https://www.imdb.com/title/tt0081834/?pf_rd_m=A2FGELUUNOQJNL&pf_rd_p=12230b0e-0e00-43ed-9e59-8d5353703cce&pf_rd_r=BQX10M7H89MWC6M3YSM3&pf_rd_s=center-1&pf_rd_t=15506&pf_rd_i=toptv&ref_=chttvtp_tt_44
45,Gravity Falls ,2012,8.8,https://www.imdb.com/title/tt1865718/?pf_rd_m=A2FGELUUNOQJNL&pf_rd_p=12230b0e-0e00-43ed-9e59-8d5353703cce&pf_rd_r=BQX10M7H89MWC6M3YSM3&pf_rd_s=center-1&pf_rd_t=15506&pf_rd_i=toptv&ref_=chttvtp_tt_45
46,Seinfeld ,1989,8.8,https://www.imdb.com/title/tt0098904/?pf_rd_m=A2FGELUUNOQJNL&pf_rd_p=12230b0e-0e00-43ed-9e59-8d5353703cce&pf_rd_r=BQX10M7H89MWC6M3YSM3&pf_rd_s=center-1&pf_rd_t=15506&pf_rd_i=toptv&ref_=chttvtp_tt_46
47,Monty Python's Flying Circus ,1969,8.8,https://www.imdb.com/title/tt0063929/?pf_rd_m=A2FGELUUNOQJNL&pf_rd_p=12230b0e-0e00-43ed-9e59-8d5353703cce&pf_rd_r=BQX10M7H89MWC6M3YSM3&pf_rd_s=center-1&pf_rd_t=15506&pf_rd_i=toptv&ref_=chttvtp_tt_47
48,Ramayan ,1987,8.8,https://www.imdb.com/title/tt0268093/?pf_rd_m=A2FGELUUNOQJNL&pf_rd_p=12230b0e-0e00-43ed-9e59-8d5353703cce&pf_rd_r=BQX10M7H89MWC6M3YSM3&pf_rd_s=center-1&pf_rd_t=15506&pf_rd_i=toptv&ref_=chttvtp_tt_48
49,Pride and Prejudice ,1995,8.8,https://www.imdb.com/title/tt0112130/?pf_rd_m=A2FGELUUNOQJNL&pf_rd_p=12230b0e-0e00-43ed-9e59-8d5353703cce&pf_rd_r=BQX10M7H89MWC6M3YSM3&pf_rd_s=center-1&pf_rd_t=15506&pf_rd_i=toptv&ref_=chttvtp_tt_49
50,How the Universe Works ,2010,8.8,https://www.imdb.com/title/tt1832668/?pf_rd_m=A2FGELUUNOQJNL&pf_rd_p=12230b0e-0e00-43ed-9e59-8d5353703cce&pf_rd_r=BQX10M7H89MWC6M3YSM3&pf_rd_s=center-1&pf_rd_t=15506&pf_rd_i=toptv&ref_=chttvtp_tt_50
51,Black Mirror ,2011,8.8,https://www.imdb.com/title/tt2085059/?pf_rd_m=A2FGELUUNOQJNL&pf_rd_p=12230b0e-0e00-43ed-9e59-8d5353703cce&pf_rd_r=BQX10M7H89MWC6M3YSM3&pf_rd_s=center-1&pf_rd_t=15506&pf_rd_i=toptv&ref_=chttvtp_tt_51
52,Nathan for You ,2013,8.8,https://www.imdb.com/title/tt2297757/?pf_rd_m=A2FGELUUNOQJNL&pf_rd_p=12230b0e-0e00-43ed-9e59-8d5353703cce&pf_rd_r=BQX10M7H89MWC6M3YSM3&pf_rd_s=center-1&pf_rd_t=15506&pf_rd_i=toptv&ref_=chttvtp_tt_52
53,Twin Peaks ,1990,8.8,https://www.imdb.com/title/tt0098936/?pf_rd_m=A2FGELUUNOQJNL&pf_rd_p=12230b0e-0e00-43ed-9e59-8d5353703cce&pf_rd_r=BQX10M7H89MWC6M3YSM3&pf_rd_s=center-1&pf_rd_t=15506&pf_rd_i=toptv&ref_=chttvtp_tt_53
54,Over the Garden Wall ,2014,8.8,https://www.imdb.com/title/tt3718778/?pf_rd_m=A2FGELUUNOQJNL&pf_rd_p=12230b0e-0e00-43ed-9e59-8d5353703cce&pf_rd_r=BQX10M7H89MWC6M3YSM3&pf_rd_s=center-1&pf_rd_t=15506&pf_rd_i=toptv&ref_=chttvtp_tt_54
55,Narcos ,2015,8.7,https://www.imdb.com/title/tt2707408/?pf_rd_m=A2FGELUUNOQJNL&pf_rd_p=12230b0e-0e00-43ed-9e59-8d5353703cce&pf_rd_r=BQX10M7H89MWC6M3YSM3&pf_rd_s=center-1&pf_rd_t=15506&pf_rd_i=toptv&ref_=chttvtp_tt_55
56,One Punch Man ,2015,8.7,https://www.imdb.com/title/tt4508902/?pf_rd_m=A2FGELUUNOQJNL&pf_rd_p=12230b0e-0e00-43ed-9e59-8d5353703cce&pf_rd_r=BQX10M7H89MWC6M3YSM3&pf_rd_s=center-1&pf_rd_t=15506&pf_rd_i=toptv&ref_=chttvtp_tt_56
57,Attack on Titan ,2013,8.7,https://www.imdb.com/title/tt2560140/?pf_rd_m=A2FGELUUNOQJNL&pf_rd_p=12230b0e-0e00-43ed-9e59-8d5353703cce&pf_rd_r=BQX10M7H89MWC6M3YSM3&pf_rd_s=center-1&pf_rd_t=15506&pf_rd_i=toptv&ref_=chttvtp_tt_57
58,Blackadder Goes Forth ,1989,8.7,https://www.imdb.com/title/tt0096548/?pf_rd_m=A2FGELUUNOQJNL&pf_rd_p=12230b0e-0e00-43ed-9e59-8d5353703cce&pf_rd_r=BQX10M7H89MWC6M3YSM3&pf_rd_s=center-1&pf_rd_t=15506&pf_rd_i=toptv&ref_=chttvtp_tt_58
59,Peaky Blinders ,2013,8.7,https://www.imdb.com/title/tt2442560/?pf_rd_m=A2FGELUUNOQJNL&pf_rd_p=12230b0e-0e00-43ed-9e59-8d5353703cce&pf_rd_r=BQX10M7H89MWC6M3YSM3&pf_rd_s=center-1&pf_rd_t=15506&pf_rd_i=toptv&ref_=chttvtp_tt_59
60,Dark ,2017,8.7,https://www.imdb.com/title/tt5753856/?pf_rd_m=A2FGELUUNOQJNL&pf_rd_p=12230b0e-0e00-43ed-9e59-8d5353703cce&pf_rd_r=BQX10M7H89MWC6M3YSM3&pf_rd_s=center-1&pf_rd_t=15506&pf_rd_i=toptv&ref_=chttvtp_tt_60
61,Freaks and Geeks ,1999,8.7,https://www.imdb.com/title/tt0193676/?pf_rd_m=A2FGELUUNOQJNL&pf_rd_p=12230b0e-0e00-43ed-9e59-8d5353703cce&pf_rd_r=BQX10M7H89MWC6M3YSM3&pf_rd_s=center-1&pf_rd_t=15506&pf_rd_i=toptv&ref_=chttvtp_tt_61
62,Chappelle's Show ,2003,8.7,https://www.imdb.com/title/tt0353049/?pf_rd_m=A2FGELUUNOQJNL&pf_rd_p=12230b0e-0e00-43ed-9e59-8d5353703cce&pf_rd_r=BQX10M7H89MWC6M3YSM3&pf_rd_s=center-1&pf_rd_t=15506&pf_rd_i=toptv&ref_=chttvtp_tt_62
63,Kota Factory ,2019,8.7,https://www.imdb.com/title/tt9432978/?pf_rd_m=A2FGELUUNOQJNL&pf_rd_p=12230b0e-0e00-43ed-9e59-8d5353703cce&pf_rd_r=BQX10M7H89MWC6M3YSM3&pf_rd_s=center-1&pf_rd_t=15506&pf_rd_i=toptv&ref_=chttvtp_tt_63
64,Fawlty Towers ,1975,8.7,https://www.imdb.com/title/tt0072500/?pf_rd_m=A2FGELUUNOQJNL&pf_rd_p=12230b0e-0e00-43ed-9e59-8d5353703cce&pf_rd_r=BQX10M7H89MWC6M3YSM3&pf_rd_s=center-1&pf_rd_t=15506&pf_rd_i=toptv&ref_=chttvtp_tt_64
65,It's Always Sunny in Philadelphia ,2005,8.7,https://www.imdb.com/title/tt0472954/?pf_rd_m=A2FGELUUNOQJNL&pf_rd_p=12230b0e-0e00-43ed-9e59-8d5353703cce&pf_rd_r=BQX10M7H89MWC6M3YSM3&pf_rd_s=center-1&pf_rd_t=15506&pf_rd_i=toptv&ref_=chttvtp_tt_65
66,Stranger Things ,2016,8.7,https://www.imdb.com/title/tt4574334/?pf_rd_m=A2FGELUUNOQJNL&pf_rd_p=12230b0e-0e00-43ed-9e59-8d5353703cce&pf_rd_r=BQX10M7H89MWC6M3YSM3&pf_rd_s=center-1&pf_rd_t=15506&pf_rd_i=toptv&ref_=chttvtp_tt_66
67,Dragon Ball Z ,1989,8.7,https://www.imdb.com/title/tt0121220/?pf_rd_m=A2FGELUUNOQJNL&pf_rd_p=12230b0e-0e00-43ed-9e59-8d5353703cce&pf_rd_r=BQX10M7H89MWC6M3YSM3&pf_rd_s=center-1&pf_rd_t=15506&pf_rd_i=toptv&ref_=chttvtp_tt_67
68,Rome ,2005,8.7,https://www.imdb.com/title/tt0384766/?pf_rd_m=A2FGELUUNOQJNL&pf_rd_p=12230b0e-0e00-43ed-9e59-8d5353703cce&pf_rd_r=BQX10M7H89MWC6M3YSM3&pf_rd_s=center-1&pf_rd_t=15506&pf_rd_i=toptv&ref_=chttvtp_tt_68
69,Arrested Development ,2003,8.7,https://www.imdb.com/title/tt0367279/?pf_rd_m=A2FGELUUNOQJNL&pf_rd_p=12230b0e-0e00-43ed-9e59-8d5353703cce&pf_rd_r=BQX10M7H89MWC6M3YSM3&pf_rd_s=center-1&pf_rd_t=15506&pf_rd_i=toptv&ref_=chttvtp_tt_69
70,The West Wing ,1999,8.7,https://www.imdb.com/title/tt0200276/?pf_rd_m=A2FGELUUNOQJNL&pf_rd_p=12230b0e-0e00-43ed-9e59-8d5353703cce&pf_rd_r=BQX10M7H89MWC6M3YSM3&pf_rd_s=center-1&pf_rd_t=15506&pf_rd_i=toptv&ref_=chttvtp_tt_70
71,Steins;Gate ,2011,8.7,https://www.imdb.com/title/tt1910272/?pf_rd_m=A2FGELUUNOQJNL&pf_rd_p=12230b0e-0e00-43ed-9e59-8d5353703cce&pf_rd_r=BQX10M7H89MWC6M3YSM3&pf_rd_s=center-1&pf_rd_t=15506&pf_rd_i=toptv&ref_=chttvtp_tt_71
72,Senke nad Balkanom ,2017,8.7,https://www.imdb.com/title/tt6108262/?pf_rd_m=A2FGELUUNOQJNL&pf_rd_p=12230b0e-0e00-43ed-9e59-8d5353703cce&pf_rd_r=BQX10M7H89MWC6M3YSM3&pf_rd_s=center-1&pf_rd_t=15506&pf_rd_i=toptv&ref_=chttvtp_tt_72
73,Dragon Ball Z ,1996,8.7,https://www.imdb.com/title/tt0214341/?pf_rd_m=A2FGELUUNOQJNL&pf_rd_p=12230b0e-0e00-43ed-9e59-8d5353703cce&pf_rd_r=BQX10M7H89MWC6M3YSM3&pf_rd_s=center-1&pf_rd_t=15506&pf_rd_i=toptv&ref_=chttvtp_tt_73
74,Leyla and Mecnun ,2011,8.7,https://www.imdb.com/title/tt1831164/?pf_rd_m=A2FGELUUNOQJNL&pf_rd_p=12230b0e-0e00-43ed-9e59-8d5353703cce&pf_rd_r=BQX10M7H89MWC6M3YSM3&pf_rd_s=center-1&pf_rd_t=15506&pf_rd_i=toptv&ref_=chttvtp_tt_74
75,Better Call Saul ,2015,8.7,https://www.imdb.com/title/tt3032476/?pf_rd_m=A2FGELUUNOQJNL&pf_rd_p=12230b0e-0e00-43ed-9e59-8d5353703cce&pf_rd_r=BQX10M7H89MWC6M3YSM3&pf_rd_s=center-1&pf_rd_t=15506&pf_rd_i=toptv&ref_=chttvtp_tt_75
76,Oz ,1997,8.7,https://www.imdb.com/title/tt0118421/?pf_rd_m=A2FGELUUNOQJNL&pf_rd_p=12230b0e-0e00-43ed-9e59-8d5353703cce&pf_rd_r=BQX10M7H89MWC6M3YSM3&pf_rd_s=center-1&pf_rd_t=15506&pf_rd_i=toptv&ref_=chttvtp_tt_76
77,Mahabharat ,1988,8.7,https://www.imdb.com/title/tt0158417/?pf_rd_m=A2FGELUUNOQJNL&pf_rd_p=12230b0e-0e00-43ed-9e59-8d5353703cce&pf_rd_r=BQX10M7H89MWC6M3YSM3&pf_rd_s=center-1&pf_rd_t=15506&pf_rd_i=toptv&ref_=chttvtp_tt_77
78,Vratice se rode ,2007,8.7,https://www.imdb.com/title/tt1043822/?pf_rd_m=A2FGELUUNOQJNL&pf_rd_p=12230b0e-0e00-43ed-9e59-8d5353703cce&pf_rd_r=BQX10M7H89MWC6M3YSM3&pf_rd_s=center-1&pf_rd_t=15506&pf_rd_i=toptv&ref_=chttvtp_tt_78
79,House of Cards ,2013,8.7,https://www.imdb.com/title/tt1856010/?pf_rd_m=A2FGELUUNOQJNL&pf_rd_p=12230b0e-0e00-43ed-9e59-8d5353703cce&pf_rd_r=BQX10M7H89MWC6M3YSM3&pf_rd_s=center-1&pf_rd_t=15506&pf_rd_i=toptv&ref_=chttvtp_tt_79
80,Curb Your Enthusiasm ,2000,8.7,https://www.imdb.com/title/tt0264235/?pf_rd_m=A2FGELUUNOQJNL&pf_rd_p=12230b0e-0e00-43ed-9e59-8d5353703cce&pf_rd_r=BQX10M7H89MWC6M3YSM3&pf_rd_s=center-1&pf_rd_t=15506&pf_rd_i=toptv&ref_=chttvtp_tt_80
81,Vinland Saga ,2019,8.7,https://www.imdb.com/title/tt10233448/?pf_rd_m=A2FGELUUNOQJNL&pf_rd_p=12230b0e-0e00-43ed-9e59-8d5353703cce&pf_rd_r=BQX10M7H89MWC6M3YSM3&pf_rd_s=center-1&pf_rd_t=15506&pf_rd_i=toptv&ref_=chttvtp_tt_81
82,"I, Claudius ",1976,8.7,https://www.imdb.com/title/tt0074006/?pf_rd_m=A2FGELUUNOQJNL&pf_rd_p=12230b0e-0e00-43ed-9e59-8d5353703cce&pf_rd_r=BQX10M7H89MWC6M3YSM3&pf_rd_s=center-1&pf_rd_t=15506&pf_rd_i=toptv&ref_=chttvtp_tt_82
83,The Boys ,2019,8.7,https://www.imdb.com/title/tt1190634/?pf_rd_m=A2FGELUUNOQJNL&pf_rd_p=12230b0e-0e00-43ed-9e59-8d5353703cce&pf_rd_r=BQX10M7H89MWC6M3YSM3&pf_rd_s=center-1&pf_rd_t=15506&pf_rd_i=toptv&ref_=chttvtp_tt_83
84,Fleabag ,2016,8.7,https://www.imdb.com/title/tt5687612/?pf_rd_m=A2FGELUUNOQJNL&pf_rd_p=12230b0e-0e00-43ed-9e59-8d5353703cce&pf_rd_r=BQX10M7H89MWC6M3YSM3&pf_rd_s=center-1&pf_rd_t=15506&pf_rd_i=toptv&ref_=chttvtp_tt_84
85,The Marvelous Mrs. Maisel ,2017,8.7,https://www.imdb.com/title/tt5788792/?pf_rd_m=A2FGELUUNOQJNL&pf_rd_p=12230b0e-0e00-43ed-9e59-8d5353703cce&pf_rd_r=BQX10M7H89MWC6M3YSM3&pf_rd_s=center-1&pf_rd_t=15506&pf_rd_i=toptv&ref_=chttvtp_tt_85
86,BoJack Horseman ,2014,8.7,https://www.imdb.com/title/tt3398228/?pf_rd_m=A2FGELUUNOQJNL&pf_rd_p=12230b0e-0e00-43ed-9e59-8d5353703cce&pf_rd_r=BQX10M7H89MWC6M3YSM3&pf_rd_s=center-1&pf_rd_t=15506&pf_rd_i=toptv&ref_=chttvtp_tt_86
87,Justice League Unlimited ,2004,8.7,https://www.imdb.com/title/tt6025022/?pf_rd_m=A2FGELUUNOQJNL&pf_rd_p=12230b0e-0e00-43ed-9e59-8d5353703cce&pf_rd_r=BQX10M7H89MWC6M3YSM3&pf_rd_s=center-1&pf_rd_t=15506&pf_rd_i=toptv&ref_=chttvtp_tt_87
88,One Strange Rock ,2018,8.7,https://www.imdb.com/title/tt7651892/?pf_rd_m=A2FGELUUNOQJNL&pf_rd_p=12230b0e-0e00-43ed-9e59-8d5353703cce&pf_rd_r=BQX10M7H89MWC6M3YSM3&pf_rd_s=center-1&pf_rd_t=15506&pf_rd_i=toptv&ref_=chttvtp_tt_88
89,Sarabhai V/S Sarabhai ,2004,8.7,https://www.imdb.com/title/tt1518542/?pf_rd_m=A2FGELUUNOQJNL&pf_rd_p=12230b0e-0e00-43ed-9e59-8d5353703cce&pf_rd_r=BQX10M7H89MWC6M3YSM3&pf_rd_s=center-1&pf_rd_t=15506&pf_rd_i=toptv&ref_=chttvtp_tt_89
90,The Adventures of Sherlock Holmes ,1984,8.7,https://www.imdb.com/title/tt0086661/?pf_rd_m=A2FGELUUNOQJNL&pf_rd_p=12230b0e-0e00-43ed-9e59-8d5353703cce&pf_rd_r=BQX10M7H89MWC6M3YSM3&pf_rd_s=center-1&pf_rd_t=15506&pf_rd_i=toptv&ref_=chttvtp_tt_90
91,Still Game ,2002,8.7,https://www.imdb.com/title/tt0281491/?pf_rd_m=A2FGELUUNOQJNL&pf_rd_p=12230b0e-0e00-43ed-9e59-8d5353703cce&pf_rd_r=BQX10M7H89MWC6M3YSM3&pf_rd_s=center-1&pf_rd_t=15506&pf_rd_i=toptv&ref_=chttvtp_tt_91
92,The Promised Neverland ,2019,8.7,https://www.imdb.com/title/tt8788458/?pf_rd_m=A2FGELUUNOQJNL&pf_rd_p=12230b0e-0e00-43ed-9e59-8d5353703cce&pf_rd_r=BQX10M7H89MWC6M3YSM3&pf_rd_s=center-1&pf_rd_t=15506&pf_rd_i=toptv&ref_=chttvtp_tt_92
93,Six Feet Under ,2001,8.6,https://www.imdb.com/title/tt0248654/?pf_rd_m=A2FGELUUNOQJNL&pf_rd_p=12230b0e-0e00-43ed-9e59-8d5353703cce&pf_rd_r=BQX10M7H89MWC6M3YSM3&pf_rd_s=center-1&pf_rd_t=15506&pf_rd_i=toptv&ref_=chttvtp_tt_93
94,The Thick of It ,2005,8.6,https://www.imdb.com/title/tt0459159/?pf_rd_m=A2FGELUUNOQJNL&pf_rd_p=12230b0e-0e00-43ed-9e59-8d5353703cce&pf_rd_r=BQX10M7H89MWC6M3YSM3&pf_rd_s=center-1&pf_rd_t=15506&pf_rd_i=toptv&ref_=chttvtp_tt_94
95,South Park ,1997,8.6,https://www.imdb.com/title/tt0121955/?pf_rd_m=A2FGELUUNOQJNL&pf_rd_p=12230b0e-0e00-43ed-9e59-8d5353703cce&pf_rd_r=BQX10M7H89MWC6M3YSM3&pf_rd_s=center-1&pf_rd_t=15506&pf_rd_i=toptv&ref_=chttvtp_tt_95
96,The Jinx: The Life and Deaths of Robert Durst ,2015,8.6,https://www.imdb.com/title/tt4299972/?pf_rd_m=A2FGELUUNOQJNL&pf_rd_p=12230b0e-0e00-43ed-9e59-8d5353703cce&pf_rd_r=BQX10M7H89MWC6M3YSM3&pf_rd_s=center-1&pf_rd_t=15506&pf_rd_i=toptv&ref_=chttvtp_tt_96
97,Demon Slayer: Kimetsu No Yaiba ,2019,8.6,https://www.imdb.com/title/tt9335498/?pf_rd_m=A2FGELUUNOQJNL&pf_rd_p=12230b0e-0e00-43ed-9e59-8d5353703cce&pf_rd_r=BQX10M7H89MWC6M3YSM3&pf_rd_s=center-1&pf_rd_t=15506&pf_rd_i=toptv&ref_=chttvtp_tt_97
98,Cobra Kai ,2018,8.6,https://www.imdb.com/title/tt7221388/?pf_rd_m=A2FGELUUNOQJNL&pf_rd_p=12230b0e-0e00-43ed-9e59-8d5353703cce&pf_rd_r=BQX10M7H89MWC6M3YSM3&pf_rd_s=center-1&pf_rd_t=15506&pf_rd_i=toptv&ref_=chttvtp_tt_98
99,The Simpsons ,1989,8.6,https://www.imdb.com/title/tt0096697/?pf_rd_m=A2FGELUUNOQJNL&pf_rd_p=12230b0e-0e00-43ed-9e59-8d5353703cce&pf_rd_r=BQX10M7H89MWC6M3YSM3&pf_rd_s=center-1&pf_rd_t=15506&pf_rd_i=toptv&ref_=chttvtp_tt_99
100,The Return of Sherlock Holmes ,1986,8.6,https://www.imdb.com/title/tt0090509/?pf_rd_m=A2FGELUUNOQJNL&pf_rd_p=12230b0e-0e00-43ed-9e59-8d5353703cce&pf_rd_r=BQX10M7H89MWC6M3YSM3&pf_rd_s=center-1&pf_rd_t=15506&pf_rd_i=toptv&ref_=chttvtp_tt_100
101,One Piece ,1999,8.6,https://www.imdb.com/title/tt0388629/?pf_rd_m=A2FGELUUNOQJNL&pf_rd_p=12230b0e-0e00-43ed-9e59-8d5353703cce&pf_rd_r=BQX10M7H89MWC6M3YSM3&pf_rd_s=center-1&pf_rd_t=15506&pf_rd_i=toptv&ref_=chttvtp_tt_101
102,Westworld ,2016,8.6,https://www.imdb.com/title/tt0475784/?pf_rd_m=A2FGELUUNOQJNL&pf_rd_p=12230b0e-0e00-43ed-9e59-8d5353703cce&pf_rd_r=BQX10M7H89MWC6M3YSM3&pf_rd_s=center-1&pf_rd_t=15506&pf_rd_i=toptv&ref_=chttvtp_tt_102
103,House ,2004,8.6,https://www.imdb.com/title/tt0412142/?pf_rd_m=A2FGELUUNOQJNL&pf_rd_p=12230b0e-0e00-43ed-9e59-8d5353703cce&pf_rd_r=BQX10M7H89MWC6M3YSM3&pf_rd_s=center-1&pf_rd_t=15506&pf_rd_i=toptv&ref_=chttvtp_tt_103
104,Battlestar Galactica ,2004,8.6,https://www.imdb.com/title/tt0407362/?pf_rd_m=A2FGELUUNOQJNL&pf_rd_p=12230b0e-0e00-43ed-9e59-8d5353703cce&pf_rd_r=BQX10M7H89MWC6M3YSM3&pf_rd_s=center-1&pf_rd_t=15506&pf_rd_i=toptv&ref_=chttvtp_tt_104
105,Yeh Meri Family ,2018,8.6,https://www.imdb.com/title/tt8595766/?pf_rd_m=A2FGELUUNOQJNL&pf_rd_p=12230b0e-0e00-43ed-9e59-8d5353703cce&pf_rd_r=BQX10M7H89MWC6M3YSM3&pf_rd_s=center-1&pf_rd_t=15506&pf_rd_i=toptv&ref_=chttvtp_tt_105
106,Critical Role ,2015,8.6,https://www.imdb.com/title/tt4834232/?pf_rd_m=A2FGELUUNOQJNL&pf_rd_p=12230b0e-0e00-43ed-9e59-8d5353703cce&pf_rd_r=BQX10M7H89MWC6M3YSM3&pf_rd_s=center-1&pf_rd_t=15506&pf_rd_i=toptv&ref_=chttvtp_tt_106
107,The Crown ,2016,8.6,https://www.imdb.com/title/tt4786824/?pf_rd_m=A2FGELUUNOQJNL&pf_rd_p=12230b0e-0e00-43ed-9e59-8d5353703cce&pf_rd_r=BQX10M7H89MWC6M3YSM3&pf_rd_s=center-1&pf_rd_t=15506&pf_rd_i=toptv&ref_=chttvtp_tt_107
108,Top Gear ,2002,8.6,https://www.imdb.com/title/tt1628033/?pf_rd_m=A2FGELUUNOQJNL&pf_rd_p=12230b0e-0e00-43ed-9e59-8d5353703cce&pf_rd_r=BQX10M7H89MWC6M3YSM3&pf_rd_s=center-1&pf_rd_t=15506&pf_rd_i=toptv&ref_=chttvtp_tt_108
109,The Shield ,2002,8.6,https://www.imdb.com/title/tt0286486/?pf_rd_m=A2FGELUUNOQJNL&pf_rd_p=12230b0e-0e00-43ed-9e59-8d5353703cce&pf_rd_r=BQX10M7H89MWC6M3YSM3&pf_rd_s=center-1&pf_rd_t=15506&pf_rd_i=toptv&ref_=chttvtp_tt_109
110,The Mandalorian ,2019,8.6,https://www.imdb.com/title/tt8111088/?pf_rd_m=A2FGELUUNOQJNL&pf_rd_p=12230b0e-0e00-43ed-9e59-8d5353703cce&pf_rd_r=BQX10M7H89MWC6M3YSM3&pf_rd_s=center-1&pf_rd_t=15506&pf_rd_i=toptv&ref_=chttvtp_tt_110
111,Ted Lasso ,2020,8.6,https://www.imdb.com/title/tt10986410/?pf_rd_m=A2FGELUUNOQJNL&pf_rd_p=12230b0e-0e00-43ed-9e59-8d5353703cce&pf_rd_r=BQX10M7H89MWC6M3YSM3&pf_rd_s=center-1&pf_rd_t=15506&pf_rd_i=toptv&ref_=chttvtp_tt_111
112,The Grand Tour ,2016,8.6,https://www.imdb.com/title/tt5712554/?pf_rd_m=A2FGELUUNOQJNL&pf_rd_p=12230b0e-0e00-43ed-9e59-8d5353703cce&pf_rd_r=BQX10M7H89MWC6M3YSM3&pf_rd_s=center-1&pf_rd_t=15506&pf_rd_i=toptv&ref_=chttvtp_tt_112
113,This Is Us ,2016,8.6,https://www.imdb.com/title/tt5555260/?pf_rd_m=A2FGELUUNOQJNL&pf_rd_p=12230b0e-0e00-43ed-9e59-8d5353703cce&pf_rd_r=BQX10M7H89MWC6M3YSM3&pf_rd_s=center-1&pf_rd_t=15506&pf_rd_i=toptv&ref_=chttvtp_tt_113
114,Downton Abbey ,2010,8.6,https://www.imdb.com/title/tt1606375/?pf_rd_m=A2FGELUUNOQJNL&pf_rd_p=12230b0e-0e00-43ed-9e59-8d5353703cce&pf_rd_r=BQX10M7H89MWC6M3YSM3&pf_rd_s=center-1&pf_rd_t=15506&pf_rd_i=toptv&ref_=chttvtp_tt_114
115,The Haunting of Hill House ,2018,8.6,https://www.imdb.com/title/tt6763664/?pf_rd_m=A2FGELUUNOQJNL&pf_rd_p=12230b0e-0e00-43ed-9e59-8d5353703cce&pf_rd_r=BQX10M7H89MWC6M3YSM3&pf_rd_s=center-1&pf_rd_t=15506&pf_rd_i=toptv&ref_=chttvtp_tt_115
116,Berserk ,1997,8.6,https://www.imdb.com/title/tt0318871/?pf_rd_m=A2FGELUUNOQJNL&pf_rd_p=12230b0e-0e00-43ed-9e59-8d5353703cce&pf_rd_r=BQX10M7H89MWC6M3YSM3&pf_rd_s=center-1&pf_rd_t=15506&pf_rd_i=toptv&ref_=chttvtp_tt_116
117,Lonesome Dove ,1989,8.6,https://www.imdb.com/title/tt0096639/?pf_rd_m=A2FGELUUNOQJNL&pf_rd_p=12230b0e-0e00-43ed-9e59-8d5353703cce&pf_rd_r=BQX10M7H89MWC6M3YSM3&pf_rd_s=center-1&pf_rd_t=15506&pf_rd_i=toptv&ref_=chttvtp_tt_117
118,Deadwood ,2004,8.6,https://www.imdb.com/title/tt0348914/?pf_rd_m=A2FGELUUNOQJNL&pf_rd_p=12230b0e-0e00-43ed-9e59-8d5353703cce&pf_rd_r=BQX10M7H89MWC6M3YSM3&pf_rd_s=center-1&pf_rd_t=15506&pf_rd_i=toptv&ref_=chttvtp_tt_118
119,Easy Living ,2015,8.6,https://www.imdb.com/title/tt5099020/?pf_rd_m=A2FGELUUNOQJNL&pf_rd_p=12230b0e-0e00-43ed-9e59-8d5353703cce&pf_rd_r=BQX10M7H89MWC6M3YSM3&pf_rd_s=center-1&pf_rd_t=15506&pf_rd_i=toptv&ref_=chttvtp_tt_119
120,Atlanta ,2016,8.6,https://www.imdb.com/title/tt4288182/?pf_rd_m=A2FGELUUNOQJNL&pf_rd_p=12230b0e-0e00-43ed-9e59-8d5353703cce&pf_rd_r=BQX10M7H89MWC6M3YSM3&pf_rd_s=center-1&pf_rd_t=15506&pf_rd_i=toptv&ref_=chttvtp_tt_120
121,Line of Duty ,2012,8.6,https://www.imdb.com/title/tt2303687/?pf_rd_m=A2FGELUUNOQJNL&pf_rd_p=12230b0e-0e00-43ed-9e59-8d5353703cce&pf_rd_r=BQX10M7H89MWC6M3YSM3&pf_rd_s=center-1&pf_rd_t=15506&pf_rd_i=toptv&ref_=chttvtp_tt_121
122,Bron/Broen ,2011,8.6,https://www.imdb.com/title/tt1733785/?pf_rd_m=A2FGELUUNOQJNL&pf_rd_p=12230b0e-0e00-43ed-9e59-8d5353703cce&pf_rd_r=BQX10M7H89MWC6M3YSM3&pf_rd_s=center-1&pf_rd_t=15506&pf_rd_i=toptv&ref_=chttvtp_tt_122
123,Star Trek: The Next Generation ,1987,8.6,https://www.imdb.com/title/tt0092455/?pf_rd_m=A2FGELUUNOQJNL&pf_rd_p=12230b0e-0e00-43ed-9e59-8d5353703cce&pf_rd_r=BQX10M7H89MWC6M3YSM3&pf_rd_s=center-1&pf_rd_t=15506&pf_rd_i=toptv&ref_=chttvtp_tt_123
124,Blackadder II ,1986,8.6,https://www.imdb.com/title/tt0088484/?pf_rd_m=A2FGELUUNOQJNL&pf_rd_p=12230b0e-0e00-43ed-9e59-8d5353703cce&pf_rd_r=BQX10M7H89MWC6M3YSM3&pf_rd_s=center-1&pf_rd_t=15506&pf_rd_i=toptv&ref_=chttvtp_tt_124
125,Parks and Recreation ,2009,8.6,https://www.imdb.com/title/tt1266020/?pf_rd_m=A2FGELUUNOQJNL&pf_rd_p=12230b0e-0e00-43ed-9e59-8d5353703cce&pf_rd_r=BQX10M7H89MWC6M3YSM3&pf_rd_s=center-1&pf_rd_t=15506&pf_rd_i=toptv&ref_=chttvtp_tt_125
126,The X-Files ,1993,8.6,https://www.imdb.com/title/tt0106179/?pf_rd_m=A2FGELUUNOQJNL&pf_rd_p=12230b0e-0e00-43ed-9e59-8d5353703cce&pf_rd_r=BQX10M7H89MWC6M3YSM3&pf_rd_s=center-1&pf_rd_t=15506&pf_rd_i=toptv&ref_=chttvtp_tt_126
127,The Memoirs of Sherlock Holmes ,1994,8.6,https://www.imdb.com/title/tt0108855/?pf_rd_m=A2FGELUUNOQJNL&pf_rd_p=12230b0e-0e00-43ed-9e59-8d5353703cce&pf_rd_r=BQX10M7H89MWC6M3YSM3&pf_rd_s=center-1&pf_rd_t=15506&pf_rd_i=toptv&ref_=chttvtp_tt_127
128,Battlestar Galactica ,2003,8.6,https://www.imdb.com/title/tt0314979/?pf_rd_m=A2FGELUUNOQJNL&pf_rd_p=12230b0e-0e00-43ed-9e59-8d5353703cce&pf_rd_r=BQX10M7H89MWC6M3YSM3&pf_rd_s=center-1&pf_rd_t=15506&pf_rd_i=toptv&ref_=chttvtp_tt_128
129,The Adventures of Sherlock Holmes and Dr. Watson: The Hound of the Baskervilles ,1981,8.6,https://www.imdb.com/title/tt0083100/?pf_rd_m=A2FGELUUNOQJNL&pf_rd_p=12230b0e-0e00-43ed-9e59-8d5353703cce&pf_rd_r=BQX10M7H89MWC6M3YSM3&pf_rd_s=center-1&pf_rd_t=15506&pf_rd_i=toptv&ref_=chttvtp_tt_129
130,Code Geass ,2006,8.6,https://www.imdb.com/title/tt0994314/?pf_rd_m=A2FGELUUNOQJNL&pf_rd_p=12230b0e-0e00-43ed-9e59-8d5353703cce&pf_rd_r=BQX10M7H89MWC6M3YSM3&pf_rd_s=center-1&pf_rd_t=15506&pf_rd_i=toptv&ref_=chttvtp_tt_130
131,Mad Men ,2007,8.6,https://www.imdb.com/title/tt0804503/?pf_rd_m=A2FGELUUNOQJNL&pf_rd_p=12230b0e-0e00-43ed-9e59-8d5353703cce&pf_rd_r=BQX10M7H89MWC6M3YSM3&pf_rd_s=center-1&pf_rd_t=15506&pf_rd_i=toptv&ref_=chttvtp_tt_131
132,It's Okay to Not Be Okay ,2020,8.6,https://www.imdb.com/title/tt12451520/?pf_rd_m=A2FGELUUNOQJNL&pf_rd_p=12230b0e-0e00-43ed-9e59-8d5353703cce&pf_rd_r=BQX10M7H89MWC6M3YSM3&pf_rd_s=center-1&pf_rd_t=15506&pf_rd_i=toptv&ref_=chttvtp_tt_132
133,Friday Night Lights ,2006,8.6,https://www.imdb.com/title/tt0758745/?pf_rd_m=A2FGELUUNOQJNL&pf_rd_p=12230b0e-0e00-43ed-9e59-8d5353703cce&pf_rd_r=BQX10M7H89MWC6M3YSM3&pf_rd_s=center-1&pf_rd_t=15506&pf_rd_i=toptv&ref_=chttvtp_tt_133
134,Gomorrah ,2014,8.6,https://www.imdb.com/title/tt2049116/?pf_rd_m=A2FGELUUNOQJNL&pf_rd_p=12230b0e-0e00-43ed-9e59-8d5353703cce&pf_rd_r=BQX10M7H89MWC6M3YSM3&pf_rd_s=center-1&pf_rd_t=15506&pf_rd_i=toptv&ref_=chttvtp_tt_134
135,Archer ,2009,8.6,https://www.imdb.com/title/tt1486217/?pf_rd_m=A2FGELUUNOQJNL&pf_rd_p=12230b0e-0e00-43ed-9e59-8d5353703cce&pf_rd_r=BQX10M7H89MWC6M3YSM3&pf_rd_s=center-1&pf_rd_t=15506&pf_rd_i=toptv&ref_=chttvtp_tt_135
136,Haikyuu!! ,2014,8.6,https://www.imdb.com/title/tt3398540/?pf_rd_m=A2FGELUUNOQJNL&pf_rd_p=12230b0e-0e00-43ed-9e59-8d5353703cce&pf_rd_r=BQX10M7H89MWC6M3YSM3&pf_rd_s=center-1&pf_rd_t=15506&pf_rd_i=toptv&ref_=chttvtp_tt_136
137,Rurouni Kenshin: Trust and Betrayal ,1999,8.6,https://www.imdb.com/title/tt0203082/?pf_rd_m=A2FGELUUNOQJNL&pf_rd_p=12230b0e-0e00-43ed-9e59-8d5353703cce&pf_rd_r=BQX10M7H89MWC6M3YSM3&pf_rd_s=center-1&pf_rd_t=15506&pf_rd_i=toptv&ref_=chttvtp_tt_137
138,Blackadder the Third ,1987,8.6,https://www.imdb.com/title/tt0092324/?pf_rd_m=A2FGELUUNOQJNL&pf_rd_p=12230b0e-0e00-43ed-9e59-8d5353703cce&pf_rd_r=BQX10M7H89MWC6M3YSM3&pf_rd_s=center-1&pf_rd_t=15506&pf_rd_i=toptv&ref_=chttvtp_tt_138
139,Dexter ,2006,8.6,https://www.imdb.com/title/tt0773262/?pf_rd_m=A2FGELUUNOQJNL&pf_rd_p=12230b0e-0e00-43ed-9e59-8d5353703cce&pf_rd_r=BQX10M7H89MWC6M3YSM3&pf_rd_s=center-1&pf_rd_t=15506&pf_rd_i=toptv&ref_=chttvtp_tt_139
140,Young Justice ,2010,8.6,https://www.imdb.com/title/tt1641384/?pf_rd_m=A2FGELUUNOQJNL&pf_rd_p=12230b0e-0e00-43ed-9e59-8d5353703cce&pf_rd_r=BQX10M7H89MWC6M3YSM3&pf_rd_s=center-1&pf_rd_t=15506&pf_rd_i=toptv&ref_=chttvtp_tt_140
141,Peep Show ,2003,8.6,https://www.imdb.com/title/tt0387764/?pf_rd_m=A2FGELUUNOQJNL&pf_rd_p=12230b0e-0e00-43ed-9e59-8d5353703cce&pf_rd_r=BQX10M7H89MWC6M3YSM3&pf_rd_s=center-1&pf_rd_t=15506&pf_rd_i=toptv&ref_=chttvtp_tt_141
142,Content Cop ,2015,8.6,https://www.imdb.com/title/tt6111552/?pf_rd_m=A2FGELUUNOQJNL&pf_rd_p=12230b0e-0e00-43ed-9e59-8d5353703cce&pf_rd_r=BQX10M7H89MWC6M3YSM3&pf_rd_s=center-1&pf_rd_t=15506&pf_rd_i=toptv&ref_=chttvtp_tt_142
143,Mindhunter ,2017,8.6,https://www.imdb.com/title/tt5290382/?pf_rd_m=A2FGELUUNOQJNL&pf_rd_p=12230b0e-0e00-43ed-9e59-8d5353703cce&pf_rd_r=BQX10M7H89MWC6M3YSM3&pf_rd_s=center-1&pf_rd_t=15506&pf_rd_i=toptv&ref_=chttvtp_tt_143
144,MisteRogers Neighborhood ,1968,8.6,https://www.imdb.com/title/tt0062588/?pf_rd_m=A2FGELUUNOQJNL&pf_rd_p=12230b0e-0e00-43ed-9e59-8d5353703cce&pf_rd_r=BQX10M7H89MWC6M3YSM3&pf_rd_s=center-1&pf_rd_t=15506&pf_rd_i=toptv&ref_=chttvtp_tt_144
145,The Eric Andre Show ,2012,8.6,https://www.imdb.com/title/tt2244495/?pf_rd_m=A2FGELUUNOQJNL&pf_rd_p=12230b0e-0e00-43ed-9e59-8d5353703cce&pf_rd_r=BQX10M7H89MWC6M3YSM3&pf_rd_s=center-1&pf_rd_t=15506&pf_rd_i=toptv&ref_=chttvtp_tt_145
146,Through the Wormhole ,2010,8.6,https://www.imdb.com/title/tt1513168/?pf_rd_m=A2FGELUUNOQJNL&pf_rd_p=12230b0e-0e00-43ed-9e59-8d5353703cce&pf_rd_r=BQX10M7H89MWC6M3YSM3&pf_rd_s=center-1&pf_rd_t=15506&pf_rd_i=toptv&ref_=chttvtp_tt_146
147,Daredevil ,2015,8.6,https://www.imdb.com/title/tt3322312/?pf_rd_m=A2FGELUUNOQJNL&pf_rd_p=12230b0e-0e00-43ed-9e59-8d5353703cce&pf_rd_r=BQX10M7H89MWC6M3YSM3&pf_rd_s=center-1&pf_rd_t=15506&pf_rd_i=toptv&ref_=chttvtp_tt_147
148,The Bugs Bunny Show ,1960,8.6,https://www.imdb.com/title/tt0053488/?pf_rd_m=A2FGELUUNOQJNL&pf_rd_p=12230b0e-0e00-43ed-9e59-8d5353703cce&pf_rd_r=BQX10M7H89MWC6M3YSM3&pf_rd_s=center-1&pf_rd_t=15506&pf_rd_i=toptv&ref_=chttvtp_tt_148
149,Formula 1: Drive to Survive ,2019,8.6,https://www.imdb.com/title/tt8289930/?pf_rd_m=A2FGELUUNOQJNL&pf_rd_p=12230b0e-0e00-43ed-9e59-8d5353703cce&pf_rd_r=BQX10M7H89MWC6M3YSM3&pf_rd_s=center-1&pf_rd_t=15506&pf_rd_i=toptv&ref_=chttvtp_tt_149
150,Father Ted ,1995,8.6,https://www.imdb.com/title/tt0111958/?pf_rd_m=A2FGELUUNOQJNL&pf_rd_p=12230b0e-0e00-43ed-9e59-8d5353703cce&pf_rd_r=BQX10M7H89MWC6M3YSM3&pf_rd_s=center-1&pf_rd_t=15506&pf_rd_i=toptv&ref_=chttvtp_tt_150
151,QI ,2003,8.6,https://www.imdb.com/title/tt0380136/?pf_rd_m=A2FGELUUNOQJNL&pf_rd_p=12230b0e-0e00-43ed-9e59-8d5353703cce&pf_rd_r=BQX10M7H89MWC6M3YSM3&pf_rd_s=center-1&pf_rd_t=15506&pf_rd_i=toptv&ref_=chttvtp_tt_151
152,Anne with an E ,2017,8.6,https://www.imdb.com/title/tt5421602/?pf_rd_m=A2FGELUUNOQJNL&pf_rd_p=12230b0e-0e00-43ed-9e59-8d5353703cce&pf_rd_r=BQX10M7H89MWC6M3YSM3&pf_rd_s=center-1&pf_rd_t=15506&pf_rd_i=toptv&ref_=chttvtp_tt_152
153,Long Way Round ,2004,8.6,https://www.imdb.com/title/tt0403778/?pf_rd_m=A2FGELUUNOQJNL&pf_rd_p=12230b0e-0e00-43ed-9e59-8d5353703cce&pf_rd_r=BQX10M7H89MWC6M3YSM3&pf_rd_s=center-1&pf_rd_t=15506&pf_rd_i=toptv&ref_=chttvtp_tt_153
154,The Bureau ,2015,8.5,https://www.imdb.com/title/tt4063800/?pf_rd_m=A2FGELUUNOQJNL&pf_rd_p=12230b0e-0e00-43ed-9e59-8d5353703cce&pf_rd_r=BQX10M7H89MWC6M3YSM3&pf_rd_s=center-1&pf_rd_t=15506&pf_rd_i=toptv&ref_=chttvtp_tt_154
155,Mind Your Language ,1977,8.5,https://www.imdb.com/title/tt0075537/?pf_rd_m=A2FGELUUNOQJNL&pf_rd_p=12230b0e-0e00-43ed-9e59-8d5353703cce&pf_rd_r=BQX10M7H89MWC6M3YSM3&pf_rd_s=center-1&pf_rd_t=15506&pf_rd_i=toptv&ref_=chttvtp_tt_155
156,Crash Landing on You ,2019,8.5,https://www.imdb.com/title/tt10850932/?pf_rd_m=A2FGELUUNOQJNL&pf_rd_p=12230b0e-0e00-43ed-9e59-8d5353703cce&pf_rd_r=BQX10M7H89MWC6M3YSM3&pf_rd_s=center-1&pf_rd_t=15506&pf_rd_i=toptv&ref_=chttvtp_tt_156
157,North & South ,2004,8.5,https://www.imdb.com/title/tt0417349/?pf_rd_m=A2FGELUUNOQJNL&pf_rd_p=12230b0e-0e00-43ed-9e59-8d5353703cce&pf_rd_r=BQX10M7H89MWC6M3YSM3&pf_rd_s=center-1&pf_rd_t=15506&pf_rd_i=toptv&ref_=chttvtp_tt_157
158,Making a Murderer ,2015,8.5,https://www.imdb.com/title/tt5189670/?pf_rd_m=A2FGELUUNOQJNL&pf_rd_p=12230b0e-0e00-43ed-9e59-8d5353703cce&pf_rd_r=BQX10M7H89MWC6M3YSM3&pf_rd_s=center-1&pf_rd_t=15506&pf_rd_i=toptv&ref_=chttvtp_tt_158
159,Behzat Ç.: Bir Ankara Polisiyesi ,2010,8.5,https://www.imdb.com/title/tt1795096/?pf_rd_m=A2FGELUUNOQJNL&pf_rd_p=12230b0e-0e00-43ed-9e59-8d5353703cce&pf_rd_r=BQX10M7H89MWC6M3YSM3&pf_rd_s=center-1&pf_rd_t=15506&pf_rd_i=toptv&ref_=chttvtp_tt_159
160,Monster ,2004,8.5,https://www.imdb.com/title/tt0434706/?pf_rd_m=A2FGELUUNOQJNL&pf_rd_p=12230b0e-0e00-43ed-9e59-8d5353703cce&pf_rd_r=BQX10M7H89MWC6M3YSM3&pf_rd_s=center-1&pf_rd_t=15506&pf_rd_i=toptv&ref_=chttvtp_tt_160
161,Pew News ,2018,8.5,https://www.imdb.com/title/tt9566030/?pf_rd_m=A2FGELUUNOQJNL&pf_rd_p=12230b0e-0e00-43ed-9e59-8d5353703cce&pf_rd_r=BQX10M7H89MWC6M3YSM3&pf_rd_s=center-1&pf_rd_t=15506&pf_rd_i=toptv&ref_=chttvtp_tt_161
162,The Newsroom ,2012,8.5,https://www.imdb.com/title/tt1870479/?pf_rd_m=A2FGELUUNOQJNL&pf_rd_p=12230b0e-0e00-43ed-9e59-8d5353703cce&pf_rd_r=BQX10M7H89MWC6M3YSM3&pf_rd_s=center-1&pf_rd_t=15506&pf_rd_i=toptv&ref_=chttvtp_tt_162
163,Yes Minister ,1980,8.5,https://www.imdb.com/title/tt0080306/?pf_rd_m=A2FGELUUNOQJNL&pf_rd_p=12230b0e-0e00-43ed-9e59-8d5353703cce&pf_rd_r=BQX10M7H89MWC6M3YSM3&pf_rd_s=center-1&pf_rd_t=15506&pf_rd_i=toptv&ref_=chttvtp_tt_163
164,Succession ,2018,8.5,https://www.imdb.com/title/tt7660850/?pf_rd_m=A2FGELUUNOQJNL&pf_rd_p=12230b0e-0e00-43ed-9e59-8d5353703cce&pf_rd_r=BQX10M7H89MWC6M3YSM3&pf_rd_s=center-1&pf_rd_t=15506&pf_rd_i=toptv&ref_=chttvtp_tt_164
165,Spaced ,1999,8.5,https://www.imdb.com/title/tt0187664/?pf_rd_m=A2FGELUUNOQJNL&pf_rd_p=12230b0e-0e00-43ed-9e59-8d5353703cce&pf_rd_r=BQX10M7H89MWC6M3YSM3&pf_rd_s=center-1&pf_rd_t=15506&pf_rd_i=toptv&ref_=chttvtp_tt_165
166,Umbre ,2014,8.5,https://www.imdb.com/title/tt4269716/?pf_rd_m=A2FGELUUNOQJNL&pf_rd_p=12230b0e-0e00-43ed-9e59-8d5353703cce&pf_rd_r=BQX10M7H89MWC6M3YSM3&pf_rd_s=center-1&pf_rd_t=15506&pf_rd_i=toptv&ref_=chttvtp_tt_166
167,Panchayat ,2020,8.5,https://www.imdb.com/title/tt12004706/?pf_rd_m=A2FGELUUNOQJNL&pf_rd_p=12230b0e-0e00-43ed-9e59-8d5353703cce&pf_rd_r=BQX10M7H89MWC6M3YSM3&pf_rd_s=center-1&pf_rd_t=15506&pf_rd_i=toptv&ref_=chttvtp_tt_167
168,El Chavo del Ocho ,1972,8.5,https://www.imdb.com/title/tt0229889/?pf_rd_m=A2FGELUUNOQJNL&pf_rd_p=12230b0e-0e00-43ed-9e59-8d5353703cce&pf_rd_r=BQX10M7H89MWC6M3YSM3&pf_rd_s=center-1&pf_rd_t=15506&pf_rd_i=toptv&ref_=chttvtp_tt_168
169,Poirot ,1989,8.5,https://www.imdb.com/title/tt0094525/?pf_rd_m=A2FGELUUNOQJNL&pf_rd_p=12230b0e-0e00-43ed-9e59-8d5353703cce&pf_rd_r=BQX10M7H89MWC6M3YSM3&pf_rd_s=center-1&pf_rd_t=15506&pf_rd_i=toptv&ref_=chttvtp_tt_169
170,Second Spring ,1998,8.5,https://www.imdb.com/title/tt0264700/?pf_rd_m=A2FGELUUNOQJNL&pf_rd_p=12230b0e-0e00-43ed-9e59-8d5353703cce&pf_rd_r=BQX10M7H89MWC6M3YSM3&pf_rd_s=center-1&pf_rd_t=15506&pf_rd_i=toptv&ref_=chttvtp_tt_170
171,Brass Eye ,1997,8.5,https://www.imdb.com/title/tt0118273/?pf_rd_m=A2FGELUUNOQJNL&pf_rd_p=12230b0e-0e00-43ed-9e59-8d5353703cce&pf_rd_r=BQX10M7H89MWC6M3YSM3&pf_rd_s=center-1&pf_rd_t=15506&pf_rd_i=toptv&ref_=chttvtp_tt_171
172,Skam ,2015,8.5,https://www.imdb.com/title/tt5288312/?pf_rd_m=A2FGELUUNOQJNL&pf_rd_p=12230b0e-0e00-43ed-9e59-8d5353703cce&pf_rd_r=BQX10M7H89MWC6M3YSM3&pf_rd_s=center-1&pf_rd_t=15506&pf_rd_i=toptv&ref_=chttvtp_tt_172
173,Dragon Ball ,1986,8.5,https://www.imdb.com/title/tt0088509/?pf_rd_m=A2FGELUUNOQJNL&pf_rd_p=12230b0e-0e00-43ed-9e59-8d5353703cce&pf_rd_r=BQX10M7H89MWC6M3YSM3&pf_rd_s=center-1&pf_rd_t=15506&pf_rd_i=toptv&ref_=chttvtp_tt_173
174,Justice League ,2001,8.5,https://www.imdb.com/title/tt0275137/?pf_rd_m=A2FGELUUNOQJNL&pf_rd_p=12230b0e-0e00-43ed-9e59-8d5353703cce&pf_rd_r=BQX10M7H89MWC6M3YSM3&pf_rd_s=center-1&pf_rd_t=15506&pf_rd_i=toptv&ref_=chttvtp_tt_174
175,Justified ,2010,8.5,https://www.imdb.com/title/tt1489428/?pf_rd_m=A2FGELUUNOQJNL&pf_rd_p=12230b0e-0e00-43ed-9e59-8d5353703cce&pf_rd_r=BQX10M7H89MWC6M3YSM3&pf_rd_s=center-1&pf_rd_t=15506&pf_rd_i=toptv&ref_=chttvtp_tt_175
176,Neon Genesis Evangelion ,1995,8.5,https://www.imdb.com/title/tt0112159/?pf_rd_m=A2FGELUUNOQJNL&pf_rd_p=12230b0e-0e00-43ed-9e59-8d5353703cce&pf_rd_r=BQX10M7H89MWC6M3YSM3&pf_rd_s=center-1&pf_rd_t=15506&pf_rd_i=toptv&ref_=chttvtp_tt_176
177,Dragon Ball ,1995,8.5,https://www.imdb.com/title/tt0280249/?pf_rd_m=A2FGELUUNOQJNL&pf_rd_p=12230b0e-0e00-43ed-9e59-8d5353703cce&pf_rd_r=BQX10M7H89MWC6M3YSM3&pf_rd_s=center-1&pf_rd_t=15506&pf_rd_i=toptv&ref_=chttvtp_tt_177
178,Fullmetal Alchemist ,2003,8.5,https://www.imdb.com/title/tt0421357/?pf_rd_m=A2FGELUUNOQJNL&pf_rd_p=12230b0e-0e00-43ed-9e59-8d5353703cce&pf_rd_r=BQX10M7H89MWC6M3YSM3&pf_rd_s=center-1&pf_rd_t=15506&pf_rd_i=toptv&ref_=chttvtp_tt_178
179,Adventure Time ,2010,8.5,https://www.imdb.com/title/tt1305826/?pf_rd_m=A2FGELUUNOQJNL&pf_rd_p=12230b0e-0e00-43ed-9e59-8d5353703cce&pf_rd_r=BQX10M7H89MWC6M3YSM3&pf_rd_s=center-1&pf_rd_t=15506&pf_rd_i=toptv&ref_=chttvtp_tt_179
180,Boardwalk Empire ,2010,8.5,https://www.imdb.com/title/tt0979432/?pf_rd_m=A2FGELUUNOQJNL&pf_rd_p=12230b0e-0e00-43ed-9e59-8d5353703cce&pf_rd_r=BQX10M7H89MWC6M3YSM3&pf_rd_s=center-1&pf_rd_t=15506&pf_rd_i=toptv&ref_=chttvtp_tt_180
181,From the Earth to the Moon ,1998,8.5,https://www.imdb.com/title/tt0120570/?pf_rd_m=A2FGELUUNOQJNL&pf_rd_p=12230b0e-0e00-43ed-9e59-8d5353703cce&pf_rd_r=BQX10M7H89MWC6M3YSM3&pf_rd_s=center-1&pf_rd_t=15506&pf_rd_i=toptv&ref_=chttvtp_tt_181
182,The Great British Baking Show ,2010,8.5,https://www.imdb.com/title/tt1877368/?pf_rd_m=A2FGELUUNOQJNL&pf_rd_p=12230b0e-0e00-43ed-9e59-8d5353703cce&pf_rd_r=BQX10M7H89MWC6M3YSM3&pf_rd_s=center-1&pf_rd_t=15506&pf_rd_i=toptv&ref_=chttvtp_tt_182
183,"Yes, Prime Minister ",1986,8.5,https://www.imdb.com/title/tt0086831/?pf_rd_m=A2FGELUUNOQJNL&pf_rd_p=12230b0e-0e00-43ed-9e59-8d5353703cce&pf_rd_r=BQX10M7H89MWC6M3YSM3&pf_rd_s=center-1&pf_rd_t=15506&pf_rd_i=toptv&ref_=chttvtp_tt_183
184,The Bugs Bunny/Road Runner Hour ,1968,8.5,https://www.imdb.com/title/tt0062550/?pf_rd_m=A2FGELUUNOQJNL&pf_rd_p=12230b0e-0e00-43ed-9e59-8d5353703cce&pf_rd_r=BQX10M7H89MWC6M3YSM3&pf_rd_s=center-1&pf_rd_t=15506&pf_rd_i=toptv&ref_=chttvtp_tt_184
185,Twin Peaks ,2017,8.5,https://www.imdb.com/title/tt4093826/?pf_rd_m=A2FGELUUNOQJNL&pf_rd_p=12230b0e-0e00-43ed-9e59-8d5353703cce&pf_rd_r=BQX10M7H89MWC6M3YSM3&pf_rd_s=center-1&pf_rd_t=15506&pf_rd_i=toptv&ref_=chttvtp_tt_185
186,Samurai Champloo ,2004,8.5,https://www.imdb.com/title/tt0423731/?pf_rd_m=A2FGELUUNOQJNL&pf_rd_p=12230b0e-0e00-43ed-9e59-8d5353703cce&pf_rd_r=BQX10M7H89MWC6M3YSM3&pf_rd_s=center-1&pf_rd_t=15506&pf_rd_i=toptv&ref_=chttvtp_tt_186
187,Pose ,2018,8.5,https://www.imdb.com/title/tt7562112/?pf_rd_m=A2FGELUUNOQJNL&pf_rd_p=12230b0e-0e00-43ed-9e59-8d5353703cce&pf_rd_r=BQX10M7H89MWC6M3YSM3&pf_rd_s=center-1&pf_rd_t=15506&pf_rd_i=toptv&ref_=chttvtp_tt_187
188,Flight of the Conchords ,2007,8.5,https://www.imdb.com/title/tt0863046/?pf_rd_m=A2FGELUUNOQJNL&pf_rd_p=12230b0e-0e00-43ed-9e59-8d5353703cce&pf_rd_r=BQX10M7H89MWC6M3YSM3&pf_rd_s=center-1&pf_rd_t=15506&pf_rd_i=toptv&ref_=chttvtp_tt_188
189,Shameless ,2011,8.5,https://www.imdb.com/title/tt1586680/?pf_rd_m=A2FGELUUNOQJNL&pf_rd_p=12230b0e-0e00-43ed-9e59-8d5353703cce&pf_rd_r=BQX10M7H89MWC6M3YSM3&pf_rd_s=center-1&pf_rd_t=15506&pf_rd_i=toptv&ref_=chttvtp_tt_189
190,Mr. Bean ,1990,8.5,https://www.imdb.com/title/tt0096657/?pf_rd_m=A2FGELUUNOQJNL&pf_rd_p=12230b0e-0e00-43ed-9e59-8d5353703cce&pf_rd_r=BQX10M7H89MWC6M3YSM3&pf_rd_s=center-1&pf_rd_t=15506&pf_rd_i=toptv&ref_=chttvtp_tt_190
191,Doctor Who ,2005,8.5,https://www.imdb.com/title/tt0436992/?pf_rd_m=A2FGELUUNOQJNL&pf_rd_p=12230b0e-0e00-43ed-9e59-8d5353703cce&pf_rd_r=BQX10M7H89MWC6M3YSM3&pf_rd_s=center-1&pf_rd_t=15506&pf_rd_i=toptv&ref_=chttvtp_tt_191
192,"Love, Death & Robots ",2019,8.5,https://www.imdb.com/title/tt9561862/?pf_rd_m=A2FGELUUNOQJNL&pf_rd_p=12230b0e-0e00-43ed-9e59-8d5353703cce&pf_rd_r=BQX10M7H89MWC6M3YSM3&pf_rd_s=center-1&pf_rd_t=15506&pf_rd_i=toptv&ref_=chttvtp_tt_192
193,Mystery Science Theater 3000 ,1988,8.5,https://www.imdb.com/title/tt0094517/?pf_rd_m=A2FGELUUNOQJNL&pf_rd_p=12230b0e-0e00-43ed-9e59-8d5353703cce&pf_rd_r=BQX10M7H89MWC6M3YSM3&pf_rd_s=center-1&pf_rd_t=15506&pf_rd_i=toptv&ref_=chttvtp_tt_193
194,The Untold History of the United States ,2012,8.5,https://www.imdb.com/title/tt1494191/?pf_rd_m=A2FGELUUNOQJNL&pf_rd_p=12230b0e-0e00-43ed-9e59-8d5353703cce&pf_rd_r=BQX10M7H89MWC6M3YSM3&pf_rd_s=center-1&pf_rd_t=15506&pf_rd_i=toptv&ref_=chttvtp_tt_194
195,Chef's Table ,2015,8.5,https://www.imdb.com/title/tt4295140/?pf_rd_m=A2FGELUUNOQJNL&pf_rd_p=12230b0e-0e00-43ed-9e59-8d5353703cce&pf_rd_r=BQX10M7H89MWC6M3YSM3&pf_rd_s=center-1&pf_rd_t=15506&pf_rd_i=toptv&ref_=chttvtp_tt_195
196,Hunter x Hunter ,1999,8.5,https://www.imdb.com/title/tt0426719/?pf_rd_m=A2FGELUUNOQJNL&pf_rd_p=12230b0e-0e00-43ed-9e59-8d5353703cce&pf_rd_r=BQX10M7H89MWC6M3YSM3&pf_rd_s=center-1&pf_rd_t=15506&pf_rd_i=toptv&ref_=chttvtp_tt_196
197,Coupling ,2000,8.5,https://www.imdb.com/title/tt0237123/?pf_rd_m=A2FGELUUNOQJNL&pf_rd_p=12230b0e-0e00-43ed-9e59-8d5353703cce&pf_rd_r=BQX10M7H89MWC6M3YSM3&pf_rd_s=center-1&pf_rd_t=15506&pf_rd_i=toptv&ref_=chttvtp_tt_197
198,Letterkenny ,2016,8.5,https://www.imdb.com/title/tt4647692/?pf_rd_m=A2FGELUUNOQJNL&pf_rd_p=12230b0e-0e00-43ed-9e59-8d5353703cce&pf_rd_r=BQX10M7H89MWC6M3YSM3&pf_rd_s=center-1&pf_rd_t=15506&pf_rd_i=toptv&ref_=chttvtp_tt_198
199,The IT Crowd ,2006,8.5,https://www.imdb.com/title/tt0487831/?pf_rd_m=A2FGELUUNOQJNL&pf_rd_p=12230b0e-0e00-43ed-9e59-8d5353703cce&pf_rd_r=BQX10M7H89MWC6M3YSM3&pf_rd_s=center-1&pf_rd_t=15506&pf_rd_i=toptv&ref_=chttvtp_tt_199
200,Impractical Jokers ,2011,8.5,https://www.imdb.com/title/tt2100976/?pf_rd_m=A2FGELUUNOQJNL&pf_rd_p=12230b0e-0e00-43ed-9e59-8d5353703cce&pf_rd_r=BQX10M7H89MWC6M3YSM3&pf_rd_s=center-1&pf_rd_t=15506&pf_rd_i=toptv&ref_=chttvtp_tt_200
201,Sacred Games ,2018,8.5,https://www.imdb.com/title/tt6077448/?pf_rd_m=A2FGELUUNOQJNL&pf_rd_p=12230b0e-0e00-43ed-9e59-8d5353703cce&pf_rd_r=BQX10M7H89MWC6M3YSM3&pf_rd_s=center-1&pf_rd_t=15506&pf_rd_i=toptv&ref_=chttvtp_tt_201
202,The Defiant Ones ,2017,8.5,https://www.imdb.com/title/tt6958022/?pf_rd_m=A2FGELUUNOQJNL&pf_rd_p=12230b0e-0e00-43ed-9e59-8d5353703cce&pf_rd_r=BQX10M7H89MWC6M3YSM3&pf_rd_s=center-1&pf_rd_t=15506&pf_rd_i=toptv&ref_=chttvtp_tt_202
203,Satyamev Jayate ,2012,8.5,https://www.imdb.com/title/tt2360717/?pf_rd_m=A2FGELUUNOQJNL&pf_rd_p=12230b0e-0e00-43ed-9e59-8d5353703cce&pf_rd_r=BQX10M7H89MWC6M3YSM3&pf_rd_s=center-1&pf_rd_t=15506&pf_rd_i=toptv&ref_=chttvtp_tt_203
204,Mr. Robot ,2015,8.5,https://www.imdb.com/title/tt4158110/?pf_rd_m=A2FGELUUNOQJNL&pf_rd_p=12230b0e-0e00-43ed-9e59-8d5353703cce&pf_rd_r=BQX10M7H89MWC6M3YSM3&pf_rd_s=center-1&pf_rd_t=15506&pf_rd_i=toptv&ref_=chttvtp_tt_204
205,Generation Kill ,2008,8.5,https://www.imdb.com/title/tt0995832/?pf_rd_m=A2FGELUUNOQJNL&pf_rd_p=12230b0e-0e00-43ed-9e59-8d5353703cce&pf_rd_r=BQX10M7H89MWC6M3YSM3&pf_rd_s=center-1&pf_rd_t=15506&pf_rd_i=toptv&ref_=chttvtp_tt_205
206,Endeavour ,2012,8.5,https://www.imdb.com/title/tt2701582/?pf_rd_m=A2FGELUUNOQJNL&pf_rd_p=12230b0e-0e00-43ed-9e59-8d5353703cce&pf_rd_r=BQX10M7H89MWC6M3YSM3&pf_rd_s=center-1&pf_rd_t=15506&pf_rd_i=toptv&ref_=chttvtp_tt_206
207,Louie ,2010,8.5,https://www.imdb.com/title/tt1492966/?pf_rd_m=A2FGELUUNOQJNL&pf_rd_p=12230b0e-0e00-43ed-9e59-8d5353703cce&pf_rd_r=BQX10M7H89MWC6M3YSM3&pf_rd_s=center-1&pf_rd_t=15506&pf_rd_i=toptv&ref_=chttvtp_tt_207
208,Alfred Hitchcock Presents ,1955,8.5,https://www.imdb.com/title/tt0047708/?pf_rd_m=A2FGELUUNOQJNL&pf_rd_p=12230b0e-0e00-43ed-9e59-8d5353703cce&pf_rd_r=BQX10M7H89MWC6M3YSM3&pf_rd_s=center-1&pf_rd_t=15506&pf_rd_i=toptv&ref_=chttvtp_tt_208
209,GTO ,1999,8.5,https://www.imdb.com/title/tt0315008/?pf_rd_m=A2FGELUUNOQJNL&pf_rd_p=12230b0e-0e00-43ed-9e59-8d5353703cce&pf_rd_r=BQX10M7H89MWC6M3YSM3&pf_rd_s=center-1&pf_rd_t=15506&pf_rd_i=toptv&ref_=chttvtp_tt_209
210,Detectorists ,2014,8.5,https://www.imdb.com/title/tt4082744/?pf_rd_m=A2FGELUUNOQJNL&pf_rd_p=12230b0e-0e00-43ed-9e59-8d5353703cce&pf_rd_r=BQX10M7H89MWC6M3YSM3&pf_rd_s=center-1&pf_rd_t=15506&pf_rd_i=toptv&ref_=chttvtp_tt_210
211,The Night Of ,2016,8.5,https://www.imdb.com/title/tt2401256/?pf_rd_m=A2FGELUUNOQJNL&pf_rd_p=12230b0e-0e00-43ed-9e59-8d5353703cce&pf_rd_r=BQX10M7H89MWC6M3YSM3&pf_rd_s=center-1&pf_rd_t=15506&pf_rd_i=toptv&ref_=chttvtp_tt_211
212,Silicon Valley ,2014,8.5,https://www.imdb.com/title/tt2575988/?pf_rd_m=A2FGELUUNOQJNL&pf_rd_p=12230b0e-0e00-43ed-9e59-8d5353703cce&pf_rd_r=BQX10M7H89MWC6M3YSM3&pf_rd_s=center-1&pf_rd_t=15506&pf_rd_i=toptv&ref_=chttvtp_tt_212
213,Big Little Lies ,2017,8.5,https://www.imdb.com/title/tt3920596/?pf_rd_m=A2FGELUUNOQJNL&pf_rd_p=12230b0e-0e00-43ed-9e59-8d5353703cce&pf_rd_r=BQX10M7H89MWC6M3YSM3&pf_rd_s=center-1&pf_rd_t=15506&pf_rd_i=toptv&ref_=chttvtp_tt_213
214,Homicide: Life on the Street ,1993,8.5,https://www.imdb.com/title/tt0106028/?pf_rd_m=A2FGELUUNOQJNL&pf_rd_p=12230b0e-0e00-43ed-9e59-8d5353703cce&pf_rd_r=BQX10M7H89MWC6M3YSM3&pf_rd_s=center-1&pf_rd_t=15506&pf_rd_i=toptv&ref_=chttvtp_tt_214
215,Bose: Dead/Alive ,2017,8.5,https://www.imdb.com/title/tt6883044/?pf_rd_m=A2FGELUUNOQJNL&pf_rd_p=12230b0e-0e00-43ed-9e59-8d5353703cce&pf_rd_r=BQX10M7H89MWC6M3YSM3&pf_rd_s=center-1&pf_rd_t=15506&pf_rd_i=toptv&ref_=chttvtp_tt_215
216,Naruto: Shippûden ,2007,8.5,https://www.imdb.com/title/tt0988824/?pf_rd_m=A2FGELUUNOQJNL&pf_rd_p=12230b0e-0e00-43ed-9e59-8d5353703cce&pf_rd_r=BQX10M7H89MWC6M3YSM3&pf_rd_s=center-1&pf_rd_t=15506&pf_rd_i=toptv&ref_=chttvtp_tt_216
217,Normal People ,2020,8.5,https://www.imdb.com/title/tt9059760/?pf_rd_m=A2FGELUUNOQJNL&pf_rd_p=12230b0e-0e00-43ed-9e59-8d5353703cce&pf_rd_r=BQX10M7H89MWC6M3YSM3&pf_rd_s=center-1&pf_rd_t=15506&pf_rd_i=toptv&ref_=chttvtp_tt_217
218,Whose Line Is It Anyway? ,1998,8.5,https://www.imdb.com/title/tt0163507/?pf_rd_m=A2FGELUUNOQJNL&pf_rd_p=12230b0e-0e00-43ed-9e59-8d5353703cce&pf_rd_r=BQX10M7H89MWC6M3YSM3&pf_rd_s=center-1&pf_rd_t=15506&pf_rd_i=toptv&ref_=chttvtp_tt_218
219,Mob Psycho 100 ,2016,8.5,https://www.imdb.com/title/tt5897304/?pf_rd_m=A2FGELUUNOQJNL&pf_rd_p=12230b0e-0e00-43ed-9e59-8d5353703cce&pf_rd_r=BQX10M7H89MWC6M3YSM3&pf_rd_s=center-1&pf_rd_t=15506&pf_rd_i=toptv&ref_=chttvtp_tt_219
220,Spartacus: Gods of the Arena ,2011,8.5,https://www.imdb.com/title/tt1758429/?pf_rd_m=A2FGELUUNOQJNL&pf_rd_p=12230b0e-0e00-43ed-9e59-8d5353703cce&pf_rd_r=BQX10M7H89MWC6M3YSM3&pf_rd_s=center-1&pf_rd_t=15506&pf_rd_i=toptv&ref_=chttvtp_tt_220
221,Hannibal ,2013,8.5,https://www.imdb.com/title/tt2243973/?pf_rd_m=A2FGELUUNOQJNL&pf_rd_p=12230b0e-0e00-43ed-9e59-8d5353703cce&pf_rd_r=BQX10M7H89MWC6M3YSM3&pf_rd_s=center-1&pf_rd_t=15506&pf_rd_i=toptv&ref_=chttvtp_tt_221
222,I'm Alan Partridge ,1997,8.5,https://www.imdb.com/title/tt0129690/?pf_rd_m=A2FGELUUNOQJNL&pf_rd_p=12230b0e-0e00-43ed-9e59-8d5353703cce&pf_rd_r=BQX10M7H89MWC6M3YSM3&pf_rd_s=center-1&pf_rd_t=15506&pf_rd_i=toptv&ref_=chttvtp_tt_222
223,The Office ,2001,8.5,https://www.imdb.com/title/tt0290978/?pf_rd_m=A2FGELUUNOQJNL&pf_rd_p=12230b0e-0e00-43ed-9e59-8d5353703cce&pf_rd_r=BQX10M7H89MWC6M3YSM3&pf_rd_s=center-1&pf_rd_t=15506&pf_rd_i=toptv&ref_=chttvtp_tt_223
224,Horace and Pete ,2016,8.5,https://www.imdb.com/title/tt5425186/?pf_rd_m=A2FGELUUNOQJNL&pf_rd_p=12230b0e-0e00-43ed-9e59-8d5353703cce&pf_rd_r=BQX10M7H89MWC6M3YSM3&pf_rd_s=center-1&pf_rd_t=15506&pf_rd_i=toptv&ref_=chttvtp_tt_224
225,Sons of Anarchy ,2008,8.5,https://www.imdb.com/title/tt1124373/?pf_rd_m=A2FGELUUNOQJNL&pf_rd_p=12230b0e-0e00-43ed-9e59-8d5353703cce&pf_rd_r=BQX10M7H89MWC6M3YSM3&pf_rd_s=center-1&pf_rd_t=15506&pf_rd_i=toptv&ref_=chttvtp_tt_225
226,Erased ,2016,8.5,https://www.imdb.com/title/tt5249462/?pf_rd_m=A2FGELUUNOQJNL&pf_rd_p=12230b0e-0e00-43ed-9e59-8d5353703cce&pf_rd_r=BQX10M7H89MWC6M3YSM3&pf_rd_s=center-1&pf_rd_t=15506&pf_rd_i=toptv&ref_=chttvtp_tt_226
227,John Adams ,2008,8.5,https://www.imdb.com/title/tt0472027/?pf_rd_m=A2FGELUUNOQJNL&pf_rd_p=12230b0e-0e00-43ed-9e59-8d5353703cce&pf_rd_r=BQX10M7H89MWC6M3YSM3&pf_rd_s=center-1&pf_rd_t=15506&pf_rd_i=toptv&ref_=chttvtp_tt_227
228,Black Books ,2000,8.5,https://www.imdb.com/title/tt0262150/?pf_rd_m=A2FGELUUNOQJNL&pf_rd_p=12230b0e-0e00-43ed-9e59-8d5353703cce&pf_rd_r=BQX10M7H89MWC6M3YSM3&pf_rd_s=center-1&pf_rd_t=15506&pf_rd_i=toptv&ref_=chttvtp_tt_228
229,The New Batman Adventures ,1997,8.5,https://www.imdb.com/title/tt0118266/?pf_rd_m=A2FGELUUNOQJNL&pf_rd_p=12230b0e-0e00-43ed-9e59-8d5353703cce&pf_rd_r=BQX10M7H89MWC6M3YSM3&pf_rd_s=center-1&pf_rd_t=15506&pf_rd_i=toptv&ref_=chttvtp_tt_229
230,Shigatsu wa kimi no uso ,2014,8.5,https://www.imdb.com/title/tt3895150/?pf_rd_m=A2FGELUUNOQJNL&pf_rd_p=12230b0e-0e00-43ed-9e59-8d5353703cce&pf_rd_r=BQX10M7H89MWC6M3YSM3&pf_rd_s=center-1&pf_rd_t=15506&pf_rd_i=toptv&ref_=chttvtp_tt_230
231,Spartacus ,2010,8.5,https://www.imdb.com/title/tt1442449/?pf_rd_m=A2FGELUUNOQJNL&pf_rd_p=12230b0e-0e00-43ed-9e59-8d5353703cce&pf_rd_r=BQX10M7H89MWC6M3YSM3&pf_rd_s=center-1&pf_rd_t=15506&pf_rd_i=toptv&ref_=chttvtp_tt_231
232,The Punisher ,2017,8.5,https://www.imdb.com/title/tt5675620/?pf_rd_m=A2FGELUUNOQJNL&pf_rd_p=12230b0e-0e00-43ed-9e59-8d5353703cce&pf_rd_r=BQX10M7H89MWC6M3YSM3&pf_rd_s=center-1&pf_rd_t=15506&pf_rd_i=toptv&ref_=chttvtp_tt_232
233,Ezel ,2009,8.5,https://www.imdb.com/title/tt1534360/?pf_rd_m=A2FGELUUNOQJNL&pf_rd_p=12230b0e-0e00-43ed-9e59-8d5353703cce&pf_rd_r=BQX10M7H89MWC6M3YSM3&pf_rd_s=center-1&pf_rd_t=15506&pf_rd_i=toptv&ref_=chttvtp_tt_233
234,My Brilliant Friend ,2018,8.4,https://www.imdb.com/title/tt7278862/?pf_rd_m=A2FGELUUNOQJNL&pf_rd_p=12230b0e-0e00-43ed-9e59-8d5353703cce&pf_rd_r=BQX10M7H89MWC6M3YSM3&pf_rd_s=center-1&pf_rd_t=15506&pf_rd_i=toptv&ref_=chttvtp_tt_234
235,Community ,2009,8.4,https://www.imdb.com/title/tt1439629/?pf_rd_m=A2FGELUUNOQJNL&pf_rd_p=12230b0e-0e00-43ed-9e59-8d5353703cce&pf_rd_r=BQX10M7H89MWC6M3YSM3&pf_rd_s=center-1&pf_rd_t=15506&pf_rd_i=toptv&ref_=chttvtp_tt_235
236,Dr. Horrible's Sing-Along Blog ,2008,8.4,https://www.imdb.com/title/tt1227926/?pf_rd_m=A2FGELUUNOQJNL&pf_rd_p=12230b0e-0e00-43ed-9e59-8d5353703cce&pf_rd_r=BQX10M7H89MWC6M3YSM3&pf_rd_s=center-1&pf_rd_t=15506&pf_rd_i=toptv&ref_=chttvtp_tt_236
237,The Venture Bros. ,2003,8.4,https://www.imdb.com/title/tt0417373/?pf_rd_m=A2FGELUUNOQJNL&pf_rd_p=12230b0e-0e00-43ed-9e59-8d5353703cce&pf_rd_r=BQX10M7H89MWC6M3YSM3&pf_rd_s=center-1&pf_rd_t=15506&pf_rd_i=toptv&ref_=chttvtp_tt_237
238,Vikings ,2013,8.4,https://www.imdb.com/title/tt2306299/?pf_rd_m=A2FGELUUNOQJNL&pf_rd_p=12230b0e-0e00-43ed-9e59-8d5353703cce&pf_rd_r=BQX10M7H89MWC6M3YSM3&pf_rd_s=center-1&pf_rd_t=15506&pf_rd_i=toptv&ref_=chttvtp_tt_238
239,Guardian: The Lonely and Great God ,2016,8.4,https://www.imdb.com/title/tt5994364/?pf_rd_m=A2FGELUUNOQJNL&pf_rd_p=12230b0e-0e00-43ed-9e59-8d5353703cce&pf_rd_r=BQX10M7H89MWC6M3YSM3&pf_rd_s=center-1&pf_rd_t=15506&pf_rd_i=toptv&ref_=chttvtp_tt_239
240,Samurai Jack ,2001,8.4,https://www.imdb.com/title/tt0278238/?pf_rd_m=A2FGELUUNOQJNL&pf_rd_p=12230b0e-0e00-43ed-9e59-8d5353703cce&pf_rd_r=BQX10M7H89MWC6M3YSM3&pf_rd_s=center-1&pf_rd_t=15506&pf_rd_i=toptv&ref_=chttvtp_tt_240
241,Queer Eye ,2018,8.4,https://www.imdb.com/title/tt7259746/?pf_rd_m=A2FGELUUNOQJNL&pf_rd_p=12230b0e-0e00-43ed-9e59-8d5353703cce&pf_rd_r=BQX10M7H89MWC6M3YSM3&pf_rd_s=center-1&pf_rd_t=15506&pf_rd_i=toptv&ref_=chttvtp_tt_241
242,Clannad: After Story ,2008,8.4,https://www.imdb.com/title/tt1298820/?pf_rd_m=A2FGELUUNOQJNL&pf_rd_p=12230b0e-0e00-43ed-9e59-8d5353703cce&pf_rd_r=BQX10M7H89MWC6M3YSM3&pf_rd_s=center-1&pf_rd_t=15506&pf_rd_i=toptv&ref_=chttvtp_tt_242
243,Feud: Bette and Joan ,2017,8.4,https://www.imdb.com/title/tt1984119/?pf_rd_m=A2FGELUUNOQJNL&pf_rd_p=12230b0e-0e00-43ed-9e59-8d5353703cce&pf_rd_r=BQX10M7H89MWC6M3YSM3&pf_rd_s=center-1&pf_rd_t=15506&pf_rd_i=toptv&ref_=chttvtp_tt_243
244,Delhi Crime ,2019,8.4,https://www.imdb.com/title/tt9398466/?pf_rd_m=A2FGELUUNOQJNL&pf_rd_p=12230b0e-0e00-43ed-9e59-8d5353703cce&pf_rd_r=BQX10M7H89MWC6M3YSM3&pf_rd_s=center-1&pf_rd_t=15506&pf_rd_i=toptv&ref_=chttvtp_tt_244
245,Hilda ,2018,8.4,https://www.imdb.com/title/tt6385540/?pf_rd_m=A2FGELUUNOQJNL&pf_rd_p=12230b0e-0e00-43ed-9e59-8d5353703cce&pf_rd_r=BQX10M7H89MWC6M3YSM3&pf_rd_s=center-1&pf_rd_t=15506&pf_rd_i=toptv&ref_=chttvtp_tt_245
246,What We Do in the Shadows ,2019,8.4,https://www.imdb.com/title/tt7908628/?pf_rd_m=A2FGELUUNOQJNL&pf_rd_p=12230b0e-0e00-43ed-9e59-8d5353703cce&pf_rd_r=BQX10M7H89MWC6M3YSM3&pf_rd_s=center-1&pf_rd_t=15506&pf_rd_i=toptv&ref_=chttvtp_tt_246
247,The Knick ,2014,8.4,https://www.imdb.com/title/tt2937900/?pf_rd_m=A2FGELUUNOQJNL&pf_rd_p=12230b0e-0e00-43ed-9e59-8d5353703cce&pf_rd_r=BQX10M7H89MWC6M3YSM3&pf_rd_s=center-1&pf_rd_t=15506&pf_rd_i=toptv&ref_=chttvtp_tt_247
248,My Hero Academia ,2016,8.4,https://www.imdb.com/title/tt5626028/?pf_rd_m=A2FGELUUNOQJNL&pf_rd_p=12230b0e-0e00-43ed-9e59-8d5353703cce&pf_rd_r=BQX10M7H89MWC6M3YSM3&pf_rd_s=center-1&pf_rd_t=15506&pf_rd_i=toptv&ref_=chttvtp_tt_248
249,Generation War ,2013,8.4,https://www.imdb.com/title/tt1883092/?pf_rd_m=A2FGELUUNOQJNL&pf_rd_p=12230b0e-0e00-43ed-9e59-8d5353703cce&pf_rd_r=BQX10M7H89MWC6M3YSM3&pf_rd_s=center-1&pf_rd_t=15506&pf_rd_i=toptv&ref_=chttvtp_tt_249
250,Luther ,2010,8.4,https://www.imdb.com/title/tt1474684/?pf_rd_m=A2FGELUUNOQJNL&pf_rd_p=12230b0e-0e00-43ed-9e59-8d5353703cce&pf_rd_r=BQX10M7H89MWC6M3YSM3&pf_rd_s=center-1&pf_rd_t=15506&pf_rd_i=toptv&ref_=chttvtp_tt_250
